:020000040800F2
:1000000010530024A5030008095A0008C748000837
:100010006956000833050008AD77000800000000AD
:10002000000000000000000000000000E5020008E1
:100030006D0600080000000041030008B5640008D8
:10004000C3030008C3030008C3030008C303000878
:10005000C3030008C3030008C3030008C303000868
:10006000C3030008C3030008C3030008C303000858
:10007000C3030008C3030008C3030008C303000848
:10008000C3030008C3030008C30300089506000863
:10009000C3030008C3030008C30300086F06000879
:1000A000C30300083D660008C3030008C30300083B
:1000B000C3030008C3030008C3030008C303000808
:1000C000C3030008C3030008C3030008C3030008F8
:1000D000C3030008C3030008C3030008C3030008E8
:1000E000C3030008C303000800000000C3030008A6
:1000F000C3030008C3030008C3030008C3030008C8
:10010000C3030008C3030008C3030008C3030008B7
:10011000C30300083D6B000849660008C3030008DC
:10012000C3030008C3030008C3030008C303000897
:10013000C3030008C3030008C3030008C303000887
:1001400000000000000000000000000000000000AF
:10015000C3030008C3030008C3030008C303000867
:10016000C3030008C3030008C3030008C303000857
:10017000C3030008C3030008C30300080000000015
:10018000C3030008C3030008C3030008C303000837
:10019000C3030008C3030008C3030008C303000827
:1001A000C3030008C3030008C303000800000000E5
:1001B000C3030008C3030008C3030008C303000807
:1001C000C3030008C3030008000000000000000093
:1001D0000000000000000000C30300080000000051
:1001E000000000000000000000000000000000000F
:1001F0000000000000000000C3030008C303000863
:10020000C3030008C303000800000000C303000884
:10021000C3030008C3030008C3030008C3030008A6
:10022000C303000800000000C30300080000000032
:10023000C3030008C303000800000000C303000854
:10024000C3030008C3030008C3030008C303000876
:10025000C3030008C3030008C3030008C303000866
:10026000C3030008C3030008C3030008C303000856
:10027000C3030008C3030008C30300080000000014
:10028000C3030008C3030008C3030008C303000836
:1002900000000000C3030008C303000800000000C2
:1002A00000000000C3030008C3030008C3030008E4
:1002B000C3030008C3030008C3030008C303000806
:1002C000C3030008C3030008C3030008DFF810D00D
:1002D00000F0F2F800480047C57E0008AFF3008048
:1002E000105300242C4B19680868B0E8F04F80F3D5
:1002F0000988BFF36F8F4FF0000080F311887047BB
:100300000000000008480068006880F308884FF08B
:10031000000080F3148862B661B6BFF34F8FBFF35D
:100320006F8F00DF00BF00BF08ED00E0DFF80C00BA
:10033000016841F470010160704700BF88ED00E082
:10034000EFF30980BFF36F8F134B1A681EF0100F85
:1003500008BF20ED108A20E9F04F106009B44FF07B
:10036000500080F31188BFF34F8FBFF36F8F08F0F9
:10037000D9FF4FF0000080F3118809BC19680868A4
:10038000B0E8F04F1EF0100F08BFB0EC108A80F3F9
:100390000988BFF36F8F704700010024EFF30580D9
:1003A00070470000074880470748804707480047D4
:1003B000FEE7FEE7FEE7FEE7FEE7FEE7FEE7FEE715
:1003C000FEE7FEE77906000865650008CD02000833
:1003D0002DE9F05F0546002092469B46884606467A
:1003E000814640241BE0284641464746224600F00D
:1003F00053F853465A46C01A914110D31146184635
:10040000224600F03AF82D1A67EB01084F462246C3
:100410000120002100F031F817EB00094E41201EA9
:10042000A4F10104DFDC484631462A464346BDE8D4
:10043000F09F40EA01039B0703D009E008C9121F9F
:1004400008C0042AFAD203E011F8013B00F8013B8E
:10045000521EF9D27047D2B201E000F8012B491EBA
:10046000FBD270470022F6E710B513460A46044651
:100470001946FFF7F0FF204610BD202A04DB203A82
:1004800000FA02F1002070479140C2F1200320FAE7
:1004900003F3194390407047202A04DB203A21FAE5
:1004A00002F00021704721FA02F3D040C2F120028D
:1004B0009140084319467047064C074D06E0E06836
:1004C00040F0010394E8070098471034AC42F6D39B
:1004D000FFF700FFA0F70008C0F7000870B58C1800
:1004E00010F8015B15F0070301D110F8013B2A1148
:1004F00006D110F8012B03E010F8016B01F8016B35
:100500005B1EF9D12B0705D40023521E0DD401F830
:10051000013BFAE710F8013BCB1A921C03E013F8F9
:10052000015B01F8015B521EF9D5A142D8D300202E
:1005300070BDFEE79FED071A20EE010A60EE810A0A
:1005400030EE201A30EEC00A80ED001A81ED000A6C
:10055000704700000000F04310B58CB00023082461
:100560001A460093CDE90130CDE90434DFED240AC9
:10057000039340F6FF7008930793069309930A9339
:1005800011B1012913D02BE010EE101A1D4B994226
:1005900026D210EE101A1C4A914201DB02461FE0DF
:1005A000FBEE021A9FED191A70EE611A0FE010EEC1
:1005B000101A174B994213D210EE101A154A914295
:1005C000ECDAF1EE041AB2EE041A70EE211A81EEA2
:1005D000810A20EE200ABCEEC00A10EE100A82B298
:1005E0009DF80600C2F3032108438DF806000A486F
:1005F00002A98DF807206A4600F008FD0CB010BD76
:1006000000F07F45000090C10000904100001042C2
:100610000000A0C00000A0402002002400B58BB064
:100620000022FF2108230492CDE900020592FC205C
:100630008DF828108DF824108DF82910CDE90223AB
:100640008DF825108DF82A108DF826108DF82B00C6
:10065000054806920792089209AA8DF82710694664
:1006600000F0D4FC0BB000BD200200247047202015
:1006700001F006BB72B6FEE7054805490839026875
:1006800042F00202026008688004FCD57047000056
:100690000C480258014800F04DBE00002002002422
:1006A000F0B503684FF6FC716D4C426BD3F8845083
:1006B0008D4345EA8205C3F88450036853F8845F8C
:1006C000068F25F47F0545EA06451D60836B654D61
:1006D0009F180268D2F888308B4343EA8703C2F838
:1006E0008830026852F8883F868F23F4FE0343EA7D
:1006F00006431360066856F8A03FC26B8B4307EBB6
:10070000420243EA82033360076857F8A03FB0F81B
:10071000406023F4FE0343EA06433B60D0E9103611
:1007200003FB06220368D3F8B0608E4346EA8206D4
:10073000C3F8B0600368B0F84860D3F8B07027F42D
:10074000FE0747EA0646C3F8B060D0E912670368BF
:1007500006FB0722D3F8AC608E4346EA8206C3F854
:10076000AC60D0E91467036806FB0722D3F8F06099
:100770008E4346EA8206C3F8F0600368B0F858601A
:10078000D3F8F07027F47C1747EA0646C3F8F06008
:100790000368876D53F8C06F02EB47028E4346EA49
:1007A000820119600168B0F85C20D1F8C03023F4F0
:1007B0007C1343EA0242C1F8C020016890F860202F
:1007C000D1F8C03023F07C5343EA0262C1F8C02064
:1007D000416B04EB8101C166826B01EB820202670F
:1007E000C36B02EBC3024267D0E91034634302EBF0
:1007F00083028267D0E91234634302EB8302C2674B
:10080000D0E91434634302EB8302C0F88020836D87
:1008100002EBC303C0F88430C46D826E544303EB13
:100820008403C0F88830046E544303EB8402C0F89C
:100830009020AA420AD9D0F89C20032142F020023D
:10084000C0F89C2080F898100120F0BD002200E044
:1008500004C1D0F890308B42FAD80020F0BD0000DF
:1008600000AC0040FCD30040F0B58E680C69D1E9C3
:10087000005744EA0604DFB145F080452C43866EFC
:10088000D1E906C54F695E4391F8203045EA0C0571
:10089000B1F80CC0D0F884E0002047EA0363104FA1
:1008A0001D430EEB860345EA0C45E3E8024511E0E3
:1008B00044EA8544E3E71418155CA67894F803C06D
:1008C00094F801E0360445EA0C6446EA0E252C4310
:1008D000001D10C3CC683C5D8442ECD8F0BD000024
:1008E00084F60008C90710B50BD006498424CB68EC
:1008F00044EA002423F4E660C860C868104320433B
:10090000C86010BD00200052C9070BD00649CA6854
:1009100022F03002CA60CA680243CA60C86840F068
:100920008800C86070470000002000522DE9F047A1
:10093000042789460024054601F0CAFA164E80466F
:1009400008E0681C06D001F0C3FAA0EB0800A8423A
:1009500008D83DB1306937EA0000F2D0B9F1010F93
:1009600003D005E00320BDE8F0870C48346904405B
:10097000600006D00A4881692143816174610120C9
:10098000F1E7B9F1010F05D13069C00302D54FF489
:10099000803070610020E6E7002000520000EE1772
:1009A0005405002410EE100A0949DFED0A0A8842B6
:1009B00002DDB0EE600A704710EE100A0649884268
:1009C00002D99FED060A70479FED050A70470000A7
:1009D0000AD7233CCDCC4C3D0AD723BCCDCC4CBD53
:1009E000000000002DE9F84F044601F071FA009074
:1009F0003CB194F83500022806D0802161650020C2
:100A0000E4E00120BDE8F88FC74DC74EC649183550
:100A100020683036DFF81483DFF814938842DFF85B
:100A200014A3DFF814B328D0A84226D0B04224D0B3
:100A3000404522D0484520D050451ED058451CD0B6
:100A4000BD4A1832904218D0BC4A904215D0BB4AD9
:100A50001832904211D0B94A303290420DD0B74A84
:100A60004832904209D0B54A6032904205D0B34A2C
:100A70007832904201D0B14A9032026822F00102ED
:100A80000260206888422ED0A8422CD0B0422AD0E2
:100A9000404528D0484526D0504524D0584522D03E
:100AA000A54A183290421ED0A44A90421BD0A34AB5
:100AB0001832904217D0A14A3032904213D09F4A48
:100AC000483290420FD09D4A603290420BD09B4AF0
:100AD0007832904207D0994A9032904203D0974A98
:100AE000A832904209D1026822F01E0202602068FA
:100AF000426922F08002426103E0026822F00E02A5
:100B000002602768884938468F424DD0A8424BD0B2
:100B1000B04249D0404547D0484545D0504543D0E4
:100B2000584541D08449183188423DD08349884294
:100B30003AD082491831884236D0804930318842D3
:100B400032D07E49483188422ED07C49603188427B
:100B50002AD07A497831884226D078499031884223
:100B600022D07649A83188421ED0754988421BD0D0
:100B700073491431884217D071492831884213D003
:100B80006F493C3188420FD06D49503188420BD0BB
:100B90006B496431884207D069497831884203D073
:100BA00067498C318F4214D1206E016821F4807125
:100BB00001600EE001F08CF90099401A052808D96F
:100BC000202262650321002084F8351084F8340067
:100BD00017E73868C007EDD1534A012120689042D9
:100BE0002ED0A8422CD0B0422AD0404528D048452B
:100BF00026D0504524D0584522D04F4B1833984228
:100C00001ED04E4B98421BD04C4B1833984217D0F5
:100C10004A4B3033984213D0484B483398420FD058
:100C2000464B603398420BD0444B7833984207D000
:100C3000424B9033984203D0404BA833984208D19E
:100C400094F85C703F23A06D07F01F07BB408360E2
:100C500007E094F85C30A06D03F01F0301FA03F382
:100C60004360206890424DD0A8424BD0B04249D05A
:100C7000404547D0484545D0504543D0584541D0E0
:100C80002D4A183290423DD02C4A90423AD02B4AFD
:100C90001832904236D0294A3032904232D0274A18
:100CA000483290422ED0254A603290422AD0234AC0
:100CB0007832904226D0214A9032904222D01F4A68
:100CC000A83290421ED01E4A90421BD01C4A1432B9
:100CD000904217D01A4A2832904213D0184A3C3218
:100CE00090420FD0164A503290420BD0144A6432D0
:100CF000904207D0124A7832904203D0104A8C3288
:100D000090420BD1D4E919024260E06E30B1026822
:100D100022F480720260D4E91C024260002084F850
:100D2000351084F834006DE610000240580002408F
:100D30007000024088000240A000024010040240FF
:100D4000085402582DE9F05F28B190F835100229B7
:100D500004D0802141650120BDE8F09F764A764BA2
:100D6000DFF8D4C1183201683033744CDFF8D0B1E9
:100D70006145744D744E754FDFF8D4E1DFF8D4A1AE
:100D8000DFF8D49131D091422FD099422DD0A14299
:100D90002BD0594529D0A94227D0B14225D0B942FC
:100DA00023D0DFF8AC81A8F1780841451DD0DFF8E9
:100DB000A081A8F16008414517D0DFF89481A8F11F
:100DC0004808414511D0DFF88881A8F13008414535
:100DD0000BD0DFF87C81A8F11808414505D071459A
:100DE00003D0514501D049452AD14FF0040880F87D
:100DF000358061451FD091421DD099421BD0A14240
:100E000019D0594517D0A94215D0B14213D0B942D3
:100E100011D04F48783881420DD04D48603881421A
:100E200009D04B484838814205D049483038814282
:100E300001D047481838086820F00100086078E0C1
:100E4000D1F8008028F00108C1F800800168D1F8CD
:100E5000008028F00E08C1F800800168614546D086
:100E6000914244D0994242D0A14240D059453ED00F
:100E7000A9423CD0B1423AD0B94238D0344A783A4B
:100E8000914234D0324A603A914230D0304A483AA6
:100E900091422CD02E4A303A914228D02C4A183A0E
:100EA000914224D0714522D0514520D049451ED0D1
:100EB0002A4A91421BD0294A1432914217D0274A1C
:100EC0002832914213D0254A3C3291420FD0234A16
:100ED000503291420BD0214A6432914207D01F4ACE
:100EE0007832914203D01D4A8C32914218D1026E61
:100EF0000121136823F48073136090F85C30826DD5
:100F000003F01F0399405160D0E919124A60C16E85
:100F100031B10A6822F480720A60D0E91C124A607A
:100F20000122016D002380F8352080F8343001B1B2
:100F30008847002010E700001000024058000240DF
:100F40007000024088000240A0000240B800024049
:100F500088040240A0040240B80402400854025829
:100F600070B5044600F0B4FF0546601C02D004488A
:100F70000078044400F0ACFF401BA042FAD370BDDF
:100F8000EC00002410B590F89830012B09D0022B0A
:100F900007D0D0F89C1041F00201C0F89C1001204D
:100FA00010BD03689C6D0C4203D1DC6D44F001045C
:100FB00004E09C6D31EA04041FD00324DC658B053A
:100FC00005D50368D3F8E0401443C3F8E0404B056F
:100FD00005D50368D3F8E4401443C3F8E44000683F
:100FE000084A01EA0203446D074A1C43446510683D
:100FF00040EA91701060002010BDDC6D44F00204E6
:10100000DCE70000FFFFCF3F14A8004070B50446A6
:1010100090F89800022804D0D4F89C0040F0080012
:101020000DE02068D0F8C03013F07C5F0BD0D0F812
:10103000C4309B020CD5D4F89C0040F40070C4F876
:101040009C00012070BDD4F89C0040F02000F6E721
:10105000D0F8C400C0F3044520462B46FFF704FC3B
:1010600021680120A840C1F8D000C4F894000020F5
:1010700070BD704790F89830012B07D0D0F89C10C5
:1010800041F00401C0F89C100120704761B1006874
:10109000012913D0D0F8B01021F0FE4141EA0261DD
:1010A000C0F8B010002070470068D0F8F01021F0B0
:1010B0007C5141EA0261C0F8F010F3E7D0F8A010CB
:1010C00021F0FE4141EA0261C0F8A010EAE770B5E4
:1010D00090F89820012A09D0022A07D0D0F89C1055
:1010E00041F00201C0F89C10012070BD0B68CA6875
:1010F00083B10B69072A43EA427325D00C7A4A6907
:1011000042EA84724968006F00EBC100C0E9003216
:10111000002070BD072A0DD00C7AD6060D8A4B69C7
:1011200043EA847246EA0543C06E49681A4340F8B0
:101130002120EDE70B8A4FF06055D1E9062442EA01
:10114000034245EA0423EFE78A69DBE730B590F80C
:101150009850039C012D07D0D0F89C1041F0040159
:10116000C0F89C10012030BD0D01016845EA8200E5
:1011700040EA43002043C1F88000002030BD7047A2
:10118000890104D50068816921F0010181617047FE
:10119000F0B590F898500024022D04D0D0F89C109F
:1011A00041F0080130E0402905D0412930D0056DDB
:1011B0008D4220D94DE00568D5F8A04014F4FE0F0B
:1011C00019D0D5F8A44064061AD0D5F8A440D5F8B3
:1011D000A460C4F30524F6010AD5D5F8A06016F082
:1011E000004F05D5D5F8A050641CC5F306452C402A
:1011F000466F456C2BE0D0F89C1041F0200103E0D5
:10120000D0F89C1041F48071C0F89C100120F0BD12
:101210000568D5F8B04014F4FE0FECD0D5F8B44012
:101220006406EDD0D5F8B440D5F8B460C4F3052415
:10123000F6010AD5D5F8B06016F0004F05D5D5F8FF
:10124000B050641CC5F306452C40866FC56C6543E1
:1012500002E0456DC66F4D4306EB85052E6816F01E
:10126000804656602E6836D026F060461660D5F867
:1012700000C000262D4F0CF0005CC2F808C0D5F865
:1012800000C00CF0004CC2F810C0B5F804C01FFA42
:101290008CFCC2F81CC0D5F804C0CCF3034CC2F8D7
:1012A0000CC0D5F804C00CF4801CC2F814C0D5F8EA
:1012B00004C00CF4001CC2F818C0D5F804C0CCF36C
:1012C000066CC2F820C0D5F804C008354FEADC7CB3
:1012D000C2F824C007E0C6F38A46C7E715F806C07F
:1012E00003F806C0761CD2F80CC017F80CC0B44541
:1012F000F4D840290AD041290CD020294FF001020E
:101300000CD200688A40C0F898200DE00068C0F850
:10131000A84009E00068C0F8B84005E0006801F0A6
:101320001F018A40C0F89C200020F0BD84F6000810
:10133000704700002DE9FF5FDFF80CB304460BF1A6
:101340000401DBF8000025680F68AA468007D5F87D
:101350005090696DD5F850806E6D2A6DD5F854C0E7
:101360002B6D00EA8770009009F470496F6D286D4D
:1013700001EA09010191DAF85410DAF85490DAF828
:10138000505008F00F0806EA0806029602F0F00234
:1013900003F071536FEA09061F4000F060700CEA19
:1013A000020CCDF80CC0F20501EA00090CD4E843A8
:1013B000C00509D400214FF48073CAF85030CBF82F
:1013C00000102046FFF7B4FF700512D4E843400533
:1013D0000FD4206800234FF48068D0F8DC20D0F8C8
:1013E000E410C0F85080CBF800301140204600F0E7
:1013F0004FFBDFF858A2009850B12268830F00EA33
:101400000A001065CBF8003020460099FFF731FE46
:10141000019850B12268830F00EA0A001065CBF8EA
:1014200000302046019900F035FB029850B1226847
:10143000830F00EA0A001065CBF8003020460299BD
:1014400000F078FA039850B12268830F00EA0A008E
:101450001065CBF800302046039900F0F9FA30050A
:101460000CD4E843000509D4236800204FF400623F
:101470001A65CBF80000204600F00DFBB00512D431
:10148000E84380050FD4206800234FF40078D0F89B
:10149000D820D0F8E010C0F85080CBF800301140D0
:1014A000204600F0F6FA30030CD4E843000309D4D8
:1014B000236800204FF400221A65CBF80000204674
:1014C00000F036FAF0030CD4E843C00309D42368D3
:1014D00000204FF480321A65CBF80000204600F05F
:1014E000D6FA70030CD4E843400309D422680020E4
:1014F0004FF480231365CBF80000204600F0C6FAB5
:10150000B0030FD4E84380030CD4236800204FF4C9
:1015100000321A65CBF80000D4F89C0040F080003F
:10152000C4F89C00B9F1000F0BD022684FEA997300
:1015300009EA0A001065CBF8003049462046FFF75B
:101540001FFE5FB12268BB0F07EA0A001065CBF8E7
:101550000030D4F89C003843C4F89C003C49206813
:10156000884268D1606881468068800763D0D9F876
:101570002060D9F82410D9F82080D9F82400D9F8AF
:1015800020C0D9F82470D9F82030D9F82450D9F8DF
:10159000202003F4FC4306F00F0AD9F824601D4014
:1015A000D9F824B008F030080CF4C07C02F4F02222
:1015B00011EA0A0100EA080807EA0C0706EA02062F
:1015C000D9F820A004D0C9F82010204600F05BFA1A
:1015D000B8F1000005D0616808624146204600F07D
:1015E00054FA6FEA0B0040060ED46FEA0A00400678
:1015F0000AD460684021C36BC26B01622046190C9B
:1016000002F03F0200F040FA2FB1606807623946ED
:10161000204600F037FA35B160680562D4F89C00C6
:101620002843C4F89C0036B160680662D4F89C0078
:101630003043C4F89C00D4F89C00002802D0204617
:10164000FFF79DFDBDE8FF9F10A80040FFFFCF3FC3
:1016500000A000402DE9F04194B08D494C22044691
:101660006846FEF7E6FE64B18A4D2068A84202D1C2
:1016700000F58070606094F898004FF0000820B189
:1016800008E0012014B0BDE8F081204684F899807C
:1016900000F002F92068816921F01001816100F0F9
:1016A00017FC0327064604E000F012FC801B0A2802
:1016B00011D8206880690007F6D42068816941F05C
:1016C0000101816100F004FC06460DE000F000FC21
:1016D000801B0A2808D9D4F89C0040F00100C4F807
:1016E0009C0084F89870CCE720688069C007EDD032
:1016F0002068816941F002018161207C0128206815
:10170000816937D041F040018161607C0128206807
:10171000816932D021F480418161A07C0128206858
:1017200081692DD041F4805181612068A26881696E
:1017300021F44071114381612068816921F0A40185
:1017400081612068016921F010010161E0680128D0
:1017500019D010B302281BD02068816941F08001A4
:1017600081612068016941F010010161E06803288E
:101770000ED012E021F04001C6E741F48041CBE7F2
:1017800021F48051D0E72068816941F0040103E031
:101790002068816941F020018161207E6FF0FF02A5
:1017A000D4E90773A68A1102400602EB0727A0F1CD
:1017B0000070384327685B1E184301EB0646304330
:1017C000F861A068B0F5407F11D104F12800A68C23
:1017D0006FF00F0C89C801EB0641401E02EB03229B
:1017E000104322680CEB071318430843D060206EA7
:1017F00030B12068626ED0F8C0101143C0F8C0103C
:10180000D4E917126846D14209D02168A36E51F875
:10181000C82F50F8233022F007021A430A60216CC7
:1018200049B12168626C51F8BC3F50F8226023F046
:10183000070232430A60A16C51B12168E36C51F890
:10184000BC2F50F8233022F0700242EA03120A60E3
:10185000216D51B12168626D51F8BC3F50F82200F2
:1018600023F4E06242EA002008602068A84204D124
:101870006068816821F003018160C4F894800121CF
:10188000C4F89C8084F898102046FEF709FFF9E61A
:1018900094F6000800A0004010B5B4B0044614212E
:1018A0002EA8FEF7DFFDB8216846FEF7DBFD1D49D7
:1018B0002068884234D100204FF40041CDE9001067
:1018C0004A0368461B9200F053FD08B1FEF7D2FEB2
:1018D0001548016841F480710160006800F480706F
:1018E000339011480C38016841F00801016000682C
:1018F0000923032100F00800339000202E910222DA
:101900002EA9CDE92F20CDE93103084800F0C4F914
:1019100000220621132000F079FB132000F068FB61
:1019200034B010BD00A00040EC440258000C025836
:101930007047000010B5C9078CB029D040216B4614
:1019400002AAFFF725FC002822D1039810B3B0F1BA
:10195000804F1DD10298C0F30721481E022817D2DC
:10196000354AC0B202EB001001704189491C418127
:101970009DF8002042739DF801103B2A81739DF869
:101980000230C3733CD0362A43D0EE2900D1027313
:101990000CB010BD029840F20123591C40F277723E
:1019A00058B1984211D12549BDF800305BBA0B807F
:1019B000BDF802305BBA4B8013E0214800231A4681
:1019C0006946006806F0C2FBE2E7884209D11D487B
:1019D000BDF8001049BA0180BDF8021049BA418033
:1019E000D6E79042D4D19DF80000022806D0032803
:1019F000CED115490888401C0880C9E71349F9E78A
:101A00004A07C5D4090701D5022100E0002141722F
:101A1000BEE7BDF80340012B9DF805109DF8062098
:101A200063BA4FEA034343EA012141EA020100D1CC
:101A300049424160ACE70000E0010024A20000241C
:101A4000D0000024A6000024DE000024DC000024D6
:101A5000704790F89810012907D0D0F89C1041F0F9
:101A60000401C0F89C1001207047022180F89810F2
:101A7000002201688B6923F001038B61C0F89C2070
:101A800010467047704770477047704770477047FF
:101A900070477047704770472DE9F05F04462D4846
:101AA0000F460026017D012911D0012202758046D2
:101AB000B146C0F818904CF2503A2079C00709D0CE
:101AC00001215046FEF732FF20B101263DE0022001
:101AD000BDE8F09F2068204D012807D04FF0FF306F
:101AE0003860AA46A56840F2047B29E06168206955
:101AF000FEF70AFF2079C00727D001215046FEF7E4
:101B000015FF00B10126E86820F00800E8601CE03D
:101B1000226928466168FEF7E5FE2079C0070ED0ED
:101B200001214CF25030FEF701FFDAF80C200600DC
:101B300022EA0B02CAF80C2001D03D6005E06D1CC2
:101B4000D4E902100844A842E2D8304688F814903C
:101B5000BEE7000054050024002000520548C1687B
:101B600041F00101C160C068C00701D0002070478A
:101B700001207047002000522DE9F05F214D08261A
:101B80000F461446287D012813D001202875A7F19F
:101B90000061B1F5801F0FD24FF000098246C5F8F1
:101BA00018904CF2503B51465846FEF7BFFE28B104
:101BB00024E00220BDE8F09F0120FBE7DFF8488029
:101BC000D8F80C1041F00201C8F80C10BFF36F8F69
:101BD000BFF34F8F01CC761E16F0FF0601C7F9D177
:101BE000BFF36F8FBFF34F8F51465846FEF79EFEEF
:101BF000D8F80C2022F00202C8F80C2085F81490C6
:101C0000D8E7000054050024002000520748C168AE
:101C1000C90708D00649074A41604260C068C0074A
:101C200001D00120704700207047000000200052C2
:101C300023016745AB89EFCD00B520288BB019D1C2
:101C40000D48202100F03AF9002813D1012240F27A
:101C50007771CDE90010CC238DF82430CDE9020254
:101C6000049009AA059069460690079008900348D9
:101C7000FFF7CCF90BB000BD000002582002002491
:101C80004FF0B04110B5D1F88820024203D0C1F81E
:101C90008800FFF7D1FF10BD2DE9F84F03247C4DDC
:101CA00000234FF001094FF0B04B4FF00F0AE7E06F
:101CB00009FA03F632407BD00F7907F00307012FB2
:101CC00001D0022F1AD187684FEA430ED1F80CC019
:101CD00004FA0EF827EA08070CFA0EFC4CEA070C87
:101CE000C0F808C0476891F804C0B743CCF3001CA3
:101CF0000CFA03FC4CEA070CC0F804C00E79F6435A
:101D0000B60702D18E68012E0BD0C7684FEA430890
:101D10008E6804FA08FC27EA0C0706FA08F63E4328
:101D2000C6600E7906F00306022E12D1DE080F6996
:101D30004FEA437C00EB8606B646366A4FEADC6C17
:101D40000AFA0CF807FA0CF726EA08063743CEF829
:101D500020700F7906684FEA430807F0030704FA7A
:101D600008FC07FA08F726EA0C06374307604E68B6
:101D700016F4403F1CD0474E376847F002073760E3
:101D800036689F0706F00206009623F0030606F168
:101D9000B046B6463F0FD6F80864DFF8FC800AFA72
:101DA00007FC404526EA0C0603D14FF0000C3AE050
:101DB00065E0DFF8E8C0604502D14FF0010C32E089
:101DC000DFF8DCC0604502D14FF0020C2BE0DFF8F9
:101DD000D4C0604502D14FF0030C24E0DFF8C8C046
:101DE000604502D14FF0040C1DE0DFF8C0C0604533
:101DF00002D14FF0050C16E0DFF8B4C0604502D107
:101E00004FF0060C0FE0DFF8ACC0604502D14FF098
:101E1000070C08E0DFF8A0C0604502D14FF0090CC4
:101E200001E04FF00A0C0CFA07FC4CEA060CCEF865
:101E300008C44F68DBF80060FF0226EA020600D5FE
:101E400016435F46CBF80060D1F804C0DBF80460AD
:101E50005FEA8C2C26EA020600D516437E606E6887
:101E60004F6826EA0206BF0300D516436E602E684F
:101E70004F6826EA0206FF0300D516432E605B1C5E
:101E80000A6832FA03F67FF413AFBDE8F88F00005A
:101E900080000058F4440258000002580004025820
:101EA00000080258000C0258001002580014025892
:101EB00000180258001C025800240258006908400B
:101EC00000D0012070470AB1816170470904FBE727
:101ED0000148806870470000EC00002402488168D7
:101EE0000278114481607047EC000024032010B593
:101EF00000F0ACF801F084F80F4A10491468136838
:101F0000C4F3032203F00F038A5CC95C02F01F02D2
:101F100001F01F01D0400A4A20FA01F1116009497D
:101F200008600F2000F010F808B1012010BD00F08B
:101F30004DF8002010BD00001844025808F70008B2
:101F4000FC000024F800002410B5102804468AB0D4
:101F50002AD200220146192000F058F8192000F07A
:101F600047F8154804601548016841F00101016017
:101F7000006808A900F001000990684600F0CCFF55
:101F800001F02CF80E49400000220E4CB0FBF1F19C
:101F90000D4840F2E7330460C0E90332491EC0E94E
:101FA000011201F001FE10B101200AB010BD064877
:101FB00001F056FEF9E70000F0000024F04402585A
:101FC00040420F000000014008050024074882B08D
:101FD000016841F002010160006800220F2100F059
:101FE00002000090901E02B000F010B8F4440258B5
:101FF000002809DB410900F01F028900012001F1DE
:10200000E0219040C1F80001704700000E4BF0B491
:102010001B680D46C3F30223C3F10706042E00D943
:102020000426191D072901D2002300E0DB1E01242C
:1020300004FA06F19C40491E2940641E9940144050
:102040002143F0BC05F0E2BC0CED00E0064900F0D5
:10205000070210B54FF6FF040868044B204040EA21
:1020600002201843086010BD0CED00E00000FA05E6
:10207000134970B50A68D243520705D5096801F0C3
:102080000701814213D118E00A6822F007020243D7
:102090000A60FFF71DFF0A4D4FF47A760446083DAB
:1020A00007E000BFFFF714FF001BB04201D9012079
:1020B00070BD2868C0438004F4D4002070BD0000C7
:1020C0000C48025810B500F055FF05490968054A4B
:1020D000C1F30211515C01F01F01C84010BD0000A6
:1020E0002044025808F70008494930B5484C0B1DF8
:1020F0000A68143409681D68246802F00303C5F3F4
:102100000012C1F30531C4F3CC04002914FB02F220
:1021100000EE102AF8EE400A75D03F4A9FED3D1AB6
:10212000B7EE000A6BB1DFED3D1A012B01D0022B97
:1021300064D002EE101A1168F8EE422A81EEA22A4B
:1021400021E0334C283C23689B0612D5344B24688D
:1021500001EE901A1168C4F3C104F8EE612AE3405D
:1021600001EE903AC1F30801F8EE611A81EEA22A5D
:102170000BE001EE901ADFED2B2A00BFF8EE611A9A
:10218000116882EEA12AC1F3080101EE901A1168CC
:10219000F8EE611A40EE811A71EE800A62EE200AB2
:1021A000C1F3462101EE101AB8EE411A31EE001AC1
:1021B000C0EE811ABCEEE11A80ED001A1168C1F37D
:1021C000064101EE101AB8EE411A31EE001AC0EEC7
:1021D000811ABCEEE11A80ED011A1168C1F30661A3
:1021E00001EE101AB8EE411A31EE000A80EE801AA4
:1021F000BCEEC10A80ED020A30BD04E001EE901A87
:10220000DFED092ABAE70021016041608160F3E750
:102210002844025800000039384402580024744A07
:102220000090D0030024744C001BB74B494930B5D3
:10223000484C0B1D0A681C3409681D68246802F0AC
:102240000303C5F30022C1F30551C4F3CC040029F4
:1022500014FB02F200EE102AF8EE400A75D03F4A55
:102260009FED3D1AB7EE000A6BB1DFED3D1A012B71
:1022700001D0022B64D002EE101A1168F8EE422A47
:1022800081EEA22A21E0334C283C23689B0612D51C
:10229000344B246801EE901A1168C4F3C104F8EEBF
:1022A000612AE34001EE903AC1F30801F8EE611AA9
:1022B00081EEA22A0BE001EE901ADFED2B2A00BF7F
:1022C000F8EE611A116882EEA12AC1F3080101EE4D
:1022D000901A1168F8EE611A40EE811A71EE800AC8
:1022E00062EE200AC1F3462101EE101AB8EE411A3F
:1022F00031EE001AC0EE811ABCEEE11A80ED001A30
:102300001168C1F3064101EE101AB8EE411A31EE20
:10231000001AC0EE811ABCEEE11A80ED011A1168B4
:10232000C1F3066101EE101AB8EE411A31EE000A4F
:1023300080EE801ABCEEC10A80ED020A30BD04E0D6
:1023400001EE901ADFED092ABAE700210160416031
:102350008160F3E7284402580000003940440258E5
:102360000024744A0090D0030024744C001BB74B27
:102370002DE9FE4F0546DFF800A450F8081B0024A5
:10238000FD4FC943019005F1280026460AF1240AB1
:10239000009008011DD4686E50B1B0F5801F0CD0BC
:1023A000B0F5001F0ED0B0F5401F1ED001240FE085
:1023B000386840F40030386017E00198022103F0DB
:1023C0001DFC03E00098022103F0A8FC04000CD0DF
:1023D00026462888C043C00523D4A86D05281ED2F0
:1023E000DFE800F00C11161B1B006A6EDAF8001013
:1023F00021F440111143CAF80010EAE7386840F4AC
:102400000030386009E00198002103F0F7FB03E099
:102410000098002103F082FC0446C4B100E00124CE
:1024200026462888DFF85083C04308F12C08400571
:102430002FD4D5F8A400B0F5C00F28D010DCB8B167
:10244000B0F5001F19D0B0F5800F0FD11AE0AA6DBA
:10245000DAF8001021F007011143CAF80010E0E794
:10246000B0F5000F13D0B0F5200F10D001240FE00D
:10247000386840F40030386009E00198002103F02A
:10248000BDFB03E00098002103F048FC044694B132
:1024900026462888C043000530D4D5F8A800B0F1FE
:1024A000407F29D011DCC0B1B0F1807F1AD0B0F1EB
:1024B000007F10D11BE0D5F8A420D8F8001021F43B
:1024C00060011143C8F80010E3E7B0F1806F13D04A
:1024D000B0F1A06F10D001240FE0386840F4003054
:1024E000386009E00198002103F088FB03E00098C0
:1024F000002103F013FC044694B126462868DFF857
:1025000078B2C0430BF1200B80011FD4E86CD8B126
:1025100010280FD0202812D0302815D0012414E024
:10252000D5F8A820D8F8001021F0E0611143C8F8D0
:102530000010E3E7386840F40030386004E00198A8
:10254000022103F05BFB044674B126462888C04391
:10255000C0042BD4E86DB0F5005F20D00DDCA0B135
:10256000B0F5805F0FD115E0EA6CDBF8001021F0C8
:1025700030011143CBF80010E8E7B0F5405F13D00D
:10258000B0F5804F10D001240FE0386840F40030DF
:10259000386009E00198002103F030FB03E0009867
:1025A000002103F0BBFB04468CB126462888C043BB
:1025B000800429D4286EB0F5403F23D010DC08B346
:1025C000B0F5803F14D0B0F5003F0FD115E0EA6DB3
:1025D000DAF8001021F4E0411143CAF80010E5E7F1
:1025E000B0F5802F0ED0B0F5A02F0BD001240AE05B
:1025F0000198012103F002FB03E00098012103F0A0
:102600008DFB044694B126462888C04340042AD452
:10261000D5F8AC00B0F1405F23D010DC08B3B0F1C6
:10262000805F14D0B0F1005F0FD115E02A6EDAF8A8
:10263000001021F4E0211143CAF80010E4E7B0F1E2
:10264000804F0ED0B0F1A04F0BD001240AE00198CA
:10265000012103F0D3FA03E00098012103F05EFBAF
:10266000044674B126462888C04300041FD4E86E8F
:10267000D8B1B0F1805F0ED0B0F1005F10D001246E
:1026800014E0D5F8AC20D8F8001021F0E041114357
:10269000C8F80010E7E7386840F40030386004E01C
:1026A0000198012103F0AAFA044674B1264628686D
:1026B000C043C0011ED4A86CD0B101280ED002289E
:1026C00011D0032814D0012413E0EA6EDAF80010C8
:1026D00021F040511143CAF80010E8E7386840F48F
:1026E0000030386004E00198022103F087FA0446C4
:1026F0006CB126462868C043400255D41F48016883
:1027000041F480710160FFF7E3FB81460EE0AA6CA3
:10271000DBF8001021F003011143CBF80010E9E7CA
:10272000FFF7D6FBA0EB090064283BD813480068EC
:10273000C005F5D5BCBBDFF84090B5F8B01009F185
:102740004409D9F8000001F4407100F44070884257
:1027500011D0D9F80010D9F8002021F4407142F4CA
:102760008032C9F80020D9F8002022F48032C9F85C
:102770000020C9F8001003E02C4402580048025819
:10278000D5F8B000B0F5807F19D1FFF7A1FB02901A
:1027900011E000BFFFF79CFB0299411A41F288301B
:1027A000814208D9032426462878DFF81494C043D0
:1027B000C00721D03CE0D9F800008007EAD5D5F861
:1027C000B010C1F301200328FE480DD0016821F4A8
:1027D0007C510160B5F8B020D9F80010C2F30B02AB
:1027E0001143C9F80010DFE7F74A036802EA111243
:1027F00023F47C511143ECE7A86F182816D005DCB0
:10280000A0B1082808D0102804D10AE020280DD053
:1028100028280BD001240AE00198012103F0EEF9E9
:1028200003E00098012103F079FA044664B12646DA
:102830002878C04380071ED4686F062819D2DFE8C5
:1028400000F0160C11161616AA6FD9F8001021F018
:1028500038011143C9F80010EAE70198012103F09B
:10286000CDF903E00098012103F058FA04467CB149
:1028700000E0012426462878C04340071FD4D5F83D
:102880009000062819D2DFE800F0160C1116161673
:102890006A6FD9F8001021F007011143C9F8001040
:1028A000E9E70198012103F0A9F903E0009801216B
:1028B00003F034FA0446A4B100E001242646287847
:1028C000C04380062BD4D5F88C00B0F1405F24D0F3
:1028D00011DC10B3B0F1805F15D0B0F1005F10D102
:1028E00016E0D5F89020D8F8001021F00701114328
:1028F000C8F80010E3E7B0F1804F0ED0B0F1A04F60
:102900000BD001240AE00198002103F077F903E0DD
:102910000098022103F002FA044694B12646287872
:10292000C04340062BD4D5F89800B0F5406F24D0B2
:1029300011DC10B3B0F5806F15D0B0F5006F10D179
:1029400016E0D5F88C20D9F8001021F0E0411143B1
:10295000C9F80010E3E7B0F5805F0ED0B0F5A05FD6
:102960000BD001240AE00198002103F047F903E0AD
:102970000098022103F0D2F9044694B12646287843
:10298000C04300062BD4D5F89C00B0F5C04F24D02E
:1029900011DC10B3B0F5005F15D0B0F5804F10D149
:1029A00016E0D5F89820D8F8001021F4E051114332
:1029B000C8F80010E3E7B0F5004F0ED0B0F5204F97
:1029C0000BD001240AE00198002103F017F903E07D
:1029D0000098022103F0A2F9044654B12646287853
:1029E000C04300071ED4D5F88000B0F5805F0AD040
:1029F0000FE0D5F89C20D8F8001021F46041114375
:102A0000C8F80010EBE70098022103F087F900B145
:102A10000126D5F88020D9F8001021F44051114347
:102A2000C9F800102878C043C00613D4D5F8940024
:102A3000B0F5807F05D10098022103F06FF900B155
:102A40000126D5F89420D8F8001021F440711143E4
:102A5000C8F800102868C043000316D4D5F8A000B9
:102A600038B1B0F5803F09D0B0F5003F0BD001245C
:102A70000AE00198002103F0C1F803E00098022168
:102A800003F04CF904468CB126462868C043400345
:102A900022D4D5F88400B0F5801F11D0B0F5001F06
:102AA00013D0B0F5401F15D0012414E0D5F8A020B4
:102AB000D8F8001021F440311143C8F80010E4E7C1
:102AC000386840F40030386004E00098012103F0D9
:102AD00025F904465CB126462868C043C0031CD4CF
:102AE000286D70B1B0F5803F10D0012414E0D5F806
:102AF0008420D9F8001021F440111143C9F80010C6
:102B0000EAE7386840F40030386004E001980221B8
:102B100003F074F80446DCB126462868C043800000
:102B200005D40098022103F0F9F800B101262868C5
:102B3000C04380031BD4E86FB8B1B0F5807F10D0DC
:102B4000B0F5007F11D0B0F5407F0ED001240DE02C
:102B50002A6DDBF8001021F480311143CBF800100E
:102B6000DBE7386840F4003038607CB326462868DC
:102B7000C043C00207D42A6FDAF8001021F00041E8
:102B80001143CAF800102868C043800207D4AA6E17
:102B9000DAF8001021F080711143CAF8001028689B
:102BA000C043400009D40748016821F40041016096
:102BB0000168D5F8B420114301602868C04306E0DD
:102BC0005444025810440258CFFFFF001DE007D4C0
:102BD0006A6DDBF8001021F040511143CBF8001072
:102BE0002868C043000208D4D5F88820D9F800101E
:102BF00021F440011143C9F8001028790024C04392
:102C000000F00100204309D00EE0EA6FD9F800106F
:102C100021F440711143C9F80010A8E70198002180
:102C200002F0ECFF00B106462879C04300F0020034
:102C3000204305D10198012102F0E0FF00B10646D2
:102C40002879C04300F00400204305D101980221F7
:102C500002F0D4FF00B106462879C04300F0080016
:102C6000204305D10098002103F058F800B1064632
:102C70002879C04300F01000204305D100980121BD
:102C800003F04CF800B106462879C04300F020005C
:102C9000044304D10098022103F040F800B916B1B2
:102CA0000120BDE8FE8F0020FBE770472DE9F05FB3
:102CB00004000F467ED0DFF83882D8F8000000F01C
:102CC0000F00B8420CD2D8F8001021F00F013943A0
:102CD000C8F80010D8F8000000F00F00B84269D121
:102CE0002078844D40070AD52069296801F07001D9
:102CF000884204D9296821F07001014329602078B5
:102D00007C4E361D00070AD56069316801F07001FC
:102D1000884204D9316821F0700101433160207884
:102D2000C0060AD5A069316801F4E061884204D97F
:102D3000316821F4E061014331602078DFF8B4B1FB
:102D400080060BF1080B0CD5E1695846DBF8002032
:102D500002F07002914204D9026822F070020A4324
:102D60000260207880070AD5E068296801F00F0129
:102D7000884204D9296821F00F0101432960207895
:102D8000C0073ED05B49A2682868183920F47060FB
:102D9000104328606068022818D0032819D00968F9
:102DA000012819D0490700294ADADFF848A1AAF119
:102DB000080A00E044E0DAF8002022F007020243AB
:102DC000CAF80020FFF784F8814612E009688903F9
:102DD000E9E709688901E6E7C905E4E7FFF778F85C
:102DE000A0EB090141F28830814202D90320BDE8FD
:102DF000F09F6168DAF8000000F03800B0EBC10F16
:102E0000ECD1207880070AD5E068296801F00F012D
:102E1000884204D2296821F00F0101432960D8F8C3
:102E20000010404601F00F01B9420BD9016821F0B2
:102E30000F0139430160006800F00F00B84201D073
:102E40000120D4E7207840070AD52069296801F0DD
:102E50007001884204D2296821F070010143296081
:102E6000207800070AD56069316801F07001884256
:102E700004D2316821F07001014331602078C0062E
:102E80000AD5A069316801F4E061884204D2316852
:102E900021F4E06101433160207880060CD5E169BE
:102EA0005846DBF8002002F07002914204D202681A
:102EB00022F070020A43026000F0A2F80E492A686C
:102EC0002B68C2F3032203F00F038A5CC95C02F093
:102ED0001F0201F01F01D040084A20FA01F11160E1
:102EE0000749086007480068BDE8F05FFFF72CB8A5
:102EF000002000521844025808F70008FC00002483
:102F0000F8000024F00000240248016841F4002188
:102F1000016070470044025870B5144C3F220260B3
:102F2000124A24680832131D114D04F0070444604E
:102F300016681C1D06F470668660166806F00F069B
:102F4000C660126802F0700202611A6802F0700234
:102F500042611A6802F4E0628261226802F0700243
:102F6000C261286800F00F00086070BD104402586C
:102F70000020005230B500F043F80B4A0B490C4BCF
:102F800015681468C5F3032204F00F048A5C095D18
:102F900002F01F0201F01F01D040064A20FA01F1A1
:102FA00019601060084630BD1844025808F7000840
:102FB000FC000024F800002400B5FFF7DBFF054902
:102FC0000968054AC1F30211515C01F01F01C840B4
:102FD00000BD00001C44025808F7000800B5FFF7C8
:102FE000C9FF05490968054AC1F30221515C01F096
:102FF0001F01C84000BD00001C44025808F700082B
:10300000454970B545480968434B103B11F03802FB
:1030100008D00111082A03D0102A0BD0182A0BD08F
:10302000084670BD19688906FBD51968C1F3C1014E
:10303000C84070BD3A4870BD3749374D18310C1D36
:1030400024350A68096826682D6802F0030406F032
:103050000102C1F30511C5F3CC0515FB02F200EE28
:10306000102AB8EE400AE9B32F4ADFED2E0AB7EE78
:10307000001A6CB1DFED2D1A012C01D0022C43D0C7
:1030800002EE101A1068F8EE422A81EEA22A1EE023
:103090001C68A40611D51B6801EE901A1168C3F3D1
:1030A000C103F8EE612AD84001EE900AC1F308008E
:1030B000F8EE611A81EEA22A0BE001EE901ADFED24
:1030C0001C2A00BFF8EE611A106882EEA12AC0F334
:1030D000080001EE900AF8EE611A40EE201A31EE77
:1030E000810A00E015E022EE000A1068C0F34620D5
:1030F000401C00EE900AF8EE600A80EE201ABCEE4A
:10310000C10A10EE100A70BD01EE901ADFED092A17
:10311000D8E7002070BD0000104402580090D00392
:1031200000366E0100000039304402580024744A11
:103130000024744C001BB74B064810B500684005CE
:1031400006D5FFF7B2FD03494FF48060091D086002
:1031500010BD0000644402582DE9F05F04007DD0EA
:10316000FF4F2078FE4D1837DFF8F483103DC0077D
:1031700048D0D8F80000396800F03800102815D081
:10318000182803D101F0030002280FD06068B0F5C1
:10319000803F12D010B1B0F5A02F18D0286820F4CD
:1031A00080302860286820F4802009E028688003A7
:1031B00028D560680028D2D024E0286840F4803008
:1031C0002860606888B1FEF783FE064609E028683B
:1031D00040F480202860F0E7FEF77AFE801B642828
:1031E0007ED828688003F7D50CE0FEF771FE06460E
:1031F00005E000BFFEF76CFE801B6428F0D828684D
:103200008003F7D42078800756D5D8F80000DFF87F
:103210005093396810F03800A9F10C090ED0182825
:1032200001D188070AD0E068A8B3296821F0190104
:1032300001432960FEF74CFE064628E02868400757
:1032400002D5E06800288AD0E168286820F01900DB
:1032500008432860FEF73CFE064606E0D2E000BFC9
:10326000FEF736FE801B0228BAD828684007F7D53B
:10327000217CD9F8002022F0FE4242EA0161C9F81F
:10328000001019E0FEF724FE801B0228A8D8286849
:103290004007F7D5ECE7FFE7286820F00100286039
:1032A000FEF716FE064604E0FEF712FE801B02281B
:1032B00096D828684007F7D42078C00646D5D8F8B5
:1032C0000000DFF89C92396800F03800A9F1040989
:1032D000082812D0182805D101F00300012800E0C9
:1032E000CEE00AD0E0690028286820D040F08000B5
:1032F0002860FEF7EDFD064615E02868C00502D5FA
:10330000E06980287ED194F82010D9F8002022F0BE
:103310007C5242EA0161C9F8001017E0FEF7D8FDBF
:10332000801B0228A0D82868C005F7D5EBE720F05D
:1033300080002860FEF7CCFD064604E0FEF7C8FDDD
:10334000801B022890D82868C005F7D42078000791
:1033500029D583486169643000298146016811D00C
:1033600041F001010160FEF7B3FD064605E000BF34
:10337000FEF7AEFD801B022888D8D9F80000800730
:10338000F6D510E021F001010160FEF7A1FD06462F
:1033900005E000BFFEF79CFD801B022870D8D9F81D
:1033A00000008007F6D42078800623D5A069002885
:1033B000286810D040F480502860FEF789FD06464A
:1033C00005E000BFFEF784FD801B022858D828685E
:1033D0008004F7D50EE020F480502860FEF778FDD9
:1033E000064604E0FEF774FD801B022848D82868D2
:1033F0008004F7D42078400751D5DFF86891D9F8D8
:10340000001000E015E141F48071C9F80010FEF7EA
:103410005FFD064605E000BFFEF75AFD801B6428ED
:103420002ED8D9F80000C005F6D54D4EA0686036FC
:1034300001280AD008B1052813D0306820F0010017
:103440003060306820F0040002E0306840F0010095
:103450003060A06841F2883A98B1FEF739FD8146A4
:103460000AE0306840F004003060EEE7FEF730FD1F
:10347000A0EB0901514503D830688007F6D50EE06E
:1034800072E0FEF725FD814606E000BFFEF720FD55
:10349000A0EB0901514567D830688007F6D4606A0F
:1034A00000287CD0DFF8B8A0D8F800100AF1200A74
:1034B0004FF6F87B0AF10408C1F3C2010329AAF10F
:1034C00004096DD00228286820F08070286003D09D
:1034D000FEF7FEFC044681E0FEF7FAFC064604E037
:1034E000FEF7F6FC801B022875D828688001F7D407
:1034F000E26A40F2F331386854F8283F884340EAE2
:10350000021018433860217B4FF4FE0C22894FF0E3
:10351000FE47208A4902267D521E401EA1F50071F9
:1035200089B2C2F308021143761E0CEA004001433F
:10353000484607EA06621143CAF80010D9F800109D
:1035400021F00101C9F80010D8F80030266A23EAFA
:103550000B0343EAC601C8F80010D9F8001004E0D4
:10356000104402580048025835E0A26921F00C01CD
:103570001143C9F800100168E26921F0020111430A
:103580000160016841F480310160016841F400315B
:103590000160016841F480210160016801E06CE094
:1035A00020E041F001010160286840F0807028604F
:1035B000FEF78EFC044604E0FEF78AFC001B02289E
:1035C00009D828688001F7D557E000BFFEF780FCD6
:1035D000001B022802D90320BDE8F09F2868800163
:1035E000F4D44AE039680128DAF8000021D0A26A50
:1035F00001F0030393421CD1E26AC1F305118A4230
:1036000017D1216BC0F30802491E8A4211D1616BA8
:10361000C0F34622491E91420BD1A16BC0F3064272
:10362000491E914205D1E16BC0F30660491E8142FB
:1036300001D00120D0E7A16C4646D8F80000C0F3C5
:10364000CC00814219D0D9F800004D4620F001008D
:10365000C9F80000FEF73CFC4FEA0007FEF738FC13
:10366000B842FBD0A26C306820EA0B0040EAC200EE
:103670003060286840F0010028600020ACE70000BE
:103680002DE9F047040029D0594A4FF0000920687D
:10369000584B594D9042C4F8289006D0984204D017
:1036A000A84202D0E1680F2918D8E1684FF0010A5A
:1036B000E76B0831C9080AEB57167143904205D0F1
:1036C000984203D0A84201D0082907D8904203D0DD
:1036D000984201D0A84204D1102902D90120BDE8A6
:1036E000F08794F8810020B9204684F8809000F09B
:1036F00085F8022084F881002068016821F001012A
:1037000001602068A1698268B1F1806F02F4F8114C
:1037100010D16268B2F5800F01D01AB10AE0A26B35
:1037200022B107E0A26BB2F1805F03D1026842F4DC
:10373000805202606068400209D5E068072806D31D
:103740002068236D026822F480721A4303E0206827
:10375000026822F480720260A66AE069E26B256862
:103760003043E3680A4310431843A860D4E90D02CC
:10377000D4E90581636A25691843D4F820C00A4357
:10378000266810432843A56DD4E90172D4E91231AB
:1037900040EA080040EA0C0038430843104318434D
:1037A0002843F060606868B92068816821F4C051DE
:1037B00041F4006181602068816821F4C06141F4B6
:1037C000806181602068016D21F001010165606800
:1037D000400206D52068626DC16821F000411143A6
:1037E000C160C4F8849084F881A0002077E70000CD
:1037F0000030014000380040003C004070B5B4B0DB
:10380000044614212EA8FCF72DFEB8216846FCF7CB
:1038100029FE2149206888423CD18114002017905C
:103820000446CDE900106846FEF7A2FD08B1FCF79A
:1038300021FF1A48016841F480510160006800F4DA
:103840008050339015481038016841F0080101603C
:10385000016801F008013391016841F00201016043
:1038600000680526022500F00200339080202E908B
:10387000CDE92F540A482EA9CDE93146FEF70CFABE
:1038800008202E90CDE92F5406482EA9CDE93146C7
:10389000FEF702FA34B070BD00300140F044025827
:1038A000000C0258000402582DE9F84F0446006845
:1038B0009946174600F1200B8A46FEF709FB06469B
:1038C00094F88100012839D1BAF1000F7ED0002F81
:1038D000FCD094F88000012830D0A26800254FF079
:1038E000010884F88080032184F88110C4F8845092
:1038F000C4F85CA06566A4F86850656725672C3439
:10390000B2F5C02FA786E786E58754F82C0D18D0AE
:10391000C16821F4C02141F40031C16020684168D0
:103920006FF30F01394341602068016841F00101E4
:1039300001606068B0F5800F08D00CE00220BDE89F
:10394000F88F016841F400610160E7E720680168D1
:1039500041F400710160E0680F281CD820E0206865
:10396000416989070BD5E16D09680162E06D001DB1
:10397000E065B4F86200401EA4F862000BE0FEF7B8
:10398000A7FA811B494503D3B9F1FF3F03D09DE05E
:10399000B9F1000F32D0B4F862000028DFD179E02D
:1039A00007282FD872E02068416989071ED5B4F82E
:1039B000621001290DD9E16B59B1E16D096801620D
:1039C000E06D001DE065B4F8620000E07CE0801E60
:1039D00009E0E06D0188ABF80010E06D801CE06547
:1039E000B4F86200401EA4F862000BE0FEF770FA23
:1039F000811B494503D3B9F1FF3F03D066E0B9F11C
:103A0000000F63D0B4F862000028CCD142E02068F7
:103A1000416989072ED5B4F8621003290CD9E16BEE
:103A2000402909D9E16D09680162E06D001DE0657A
:103A3000B4F86200001F1AE0B4F8621001290CD932
:103A4000E16B51B1E06D0188ABF80010E06D801CB6
:103A5000E065B4F86200801E09E0E16D097880F845
:103A60002010E06D401CE065B4F86200401EA4F830
:103A700062000BE0FEF72CFA811B494503D3B9F134
:103A8000FF3F03D022E0B9F1000F1FD0B4F862006D
:103A90000028BCD100224B4608212046009602F0A7
:103AA0006FFA28B1D4F8840040F02000C4F88400F4
:103AB000204602F007FA84F88180D4F8840084F864
:103AC000805000283FF43BAF012038E7204602F049
:103AD000F9F9D4F8841084F8805041F48071C4F866
:103AE000841084F88180032029E77047704770476D
:103AF000F0B590F83C20012A41D0224E012480F8F4
:103B00003C40022280F83D2002681F4D5368B242BB
:103B1000D2F808C001D0AA4203D14F6823F4700341
:103B20003B430F6823F070031F4357600268B242A3
:103B300019D0B2F1804F16D0144B9A4213D0144BC7
:103B40009A4210D0134B9A420DD0AA420BD0124B7E
:103B50009A4208D0114B9A4205D0114B9A4202D09A
:103B6000104B9A4204D189682CF08003194391606C
:103B7000002180F83D4080F83C100846F0BD02204E
:103B8000F0BD0000000001400004014000040040BE
:103B900000080040000C00400018004000400140B8
:103BA00000E0004000E4004010B5040003D094F8A9
:103BB0003D0010B107E0012010BD002084F83C005A
:103BC000204600F023F8022084F83D002068211DE3
:103BD00002F040FD012084F8480084F83E0084F89B
:103BE0003F0084F8400084F8410084F8420084F8E3
:103BF000430084F8440084F8450084F8460084F8C3
:103C0000470084F83D00002010BD000008B5114AAF
:103C100001681148914211D1016841F01001016021
:103C200000680022042100F0100000903620FEF70A
:103C3000EDF9BDE808403620FEF7DAB9074A9142AF
:103C400007D1016841F040010160006800F04000C8
:103C5000009008BD00100040E844025800180040E1
:103C600090F83D10012901D0012070471A4A022125
:103C700080F83D100168CB6843F00103CB60006819
:103C800090421AD0B0F1804F17D01449884214D016
:103C90001349884211D0134988420ED012498842F4
:103CA0000BD01249884208D01149884205D01149E9
:103CB000884202D01049884207D181680F4A1140DA
:103CC000062906D0B1F5803F03D0016841F001011B
:103CD0000160002070470000000001400004004027
:103CE00000080040000C00400004014000180040A3
:103CF0000040014000E0004000E4004007000100F7
:103D000070B5044690F83C000025012814D03A4BC9
:103D1000012684F83C60022084F83D002268906807
:103D2000184020F47F409060086870282FD010DC85
:103D300010F00F0F03D022E04FF0020070BD4FEAE9
:103D40002012072A1BD2DFE802F0535353534B399A
:103D50004100B0F1101F4BD009DCB0F5805F0FD0EF
:103D6000B0F5005F1ED0B0F5801F08D140E0A0F58F
:103D7000801120393CD010293AD0202938D0012593
:103D800084F83D60002084F83C00284670BD4A68F5
:103D90002068D1E9021302F0CDFC2068816841F06F
:103DA000770109E04A682068D1E9021302F0C2FCF9
:103DB0002068816841F480418160E1E7CA68496810
:103DC000206802F06DFE2068502106E0CA6849684C
:103DD000206802F093FE2068602102F0B5FCCFE776
:103DE000CA684968206802F05BFE20684021F4E759
:103DF000226801461046F0E788FFCEFF70472DE9A4
:103E0000F041044600680027C6680569A90713D574
:103E1000B10711D5FA1E026101212177206880695E
:103E20008007204602D0FFF7E9FF04E000F0B4F875
:103E3000204600F076F92777680716D5700714D565
:103E4000226802206FF004011161207720688069E8
:103E500010F4407F204602D0FFF7D0FF04E000F0CE
:103E60009BF8204600F05DF92777280715D5300725
:103E700013D5226804206FF00801116120772068B3
:103E8000C0698007204602D0FFF7B8FF04E000F0C9
:103E900083F8204600F045F92777E80616D5F006A6
:103EA00014D5226808206FF0100111612077206876
:103EB000C06910F4407F204602D0FFF79FFF04E066
:103EC00000F06AF8204600F02CF92777E80708D0C0
:103ED000F00706D021686FF001000861204600F06D
:103EE00021F9280601D4A80408D5300606D5216892
:103EF0006FF4025008612046FFF7F8FDE80508D589
:103F0000300606D521686FF4807008612046FFF7FF
:103F1000ECFD680608D5700606D521686FF04000F4
:103F20000861204600F01AF9A8060AD5B00608D59F
:103F300021686FF0200008612046BDE8F041FFF7DE
:103F4000D6BDBDE8F081000010B586B0044614214E
:103F50006846FCF787FA0D492068884214D10C485E
:103F6000016841F0020101600068002100F00200D8
:103F70000590022082030092CDE90101CDE90310F2
:103F800004486946FDF788FE06B010BD00180040E1
:103F9000E044025800040258704770B5044690F897
:103FA0003C0000260D4601280BD0012084F83C007F
:103FB0000C2A4AD007DC82B1042A20D0082A06D174
:103FC00031E0022070BD102A53D0142A63D001269C
:103FD000002084F83C00304670BD206802F0BEFB33
:103FE0002068816941F0080181612068816921F0C0
:103FF0000401816120682A698169114311E0206808
:1040000002F002FC2068816941F40061816120684E
:10401000816921F48061816120682969826942EAAD
:1040200001218161D4E7206802F03CFC2068C1696D
:1040300041F00801C1612068C16921F00401C1613A
:1040400020682A69C169114311E0206802F078FCF8
:104050002068C16941F40061C1612068C16921F42F
:104060008061C16120682969C26942EA0121C16198
:10407000AEE7206802F0A0FC2068416D41F0080125
:1040800041652068416D21F00401416520682A697D
:10409000416D114311E0206802F0C8FC2068416DB9
:1040A00041F4006141652068416D21F48061416502
:1040B00020682969426D42EA0121416588E710B50F
:1040C000040003D094F83D0010B107E0012010BDBA
:1040D000002084F83C00204600F022F8022084F8FA
:1040E0003D002068211D02F0B5FA012084F8480047
:1040F00084F83E0084F83F0084F8400084F84100D2
:1041000084F8420084F8430084F8440084F84500B1
:1041100084F8460084F8470084F83D00002010BD74
:104120007047704710B50A4904460068884201D1BB
:10413000FDF7D4FE07492068884207D10648017878
:10414000491C0170BDE8104001F090BA10BD00009C
:104150000000014000100040AA000024704730B564
:1041600090F88410012918D0012280F8842024219D
:10417000C0F888100022202401680B680D6823F025
:10418000005325F001050D60426601680B60C0F820
:10419000884080F88420104630BD022030BD70B5C4
:1041A0000446D0F88C000025202801D0022070BDE4
:1041B00069B162B10123E36600202067204603F065
:1041C00023FAE06E012804D00125284670BD0120A5
:1041D00070BD216810200862216851E8000F40F08E
:1041E000100041E80002002AF6D1EEE710B50068A1
:1041F000074A90420BD1122902D1064801F02EFE47
:10420000BDE81040034912220348FFF7C8BF10BDA4
:1042100000500040FE4E0024E0030024704770B5BB
:10422000044690F8840001281DD0012284F88420DF
:104230002420C4F8880020680568026822F0010282
:1042400002602068826822F060620A438260204631
:1042500002F07AFC2268202100201560C4F8881042
:1042600084F8840070BD022070BD70B5044690F8DB
:10427000840001281DD0012284F884202420C4F861
:10428000880020680568026822F001020260206848
:10429000826822F060420A438260204602F054FCA9
:1042A0002268202100201560C4F8881084F884005A
:1042B00070BD022070BD704770470000006804495F
:1042C000884204D1034912220348FFF768BF7047B0
:1042D00000500040FE4E0024E00300242DE9F04190
:1042E00007680025044640F60F030226F86939687E
:1042F000BA6818420AD183067ED501F0200302F085
:10430000805C53EA0C0377D0616F7EE1D44BDFF819
:1043100054C3134001EA0C0C53EA0C0C6CD05FEA56
:10432000C07C0CD05FEAC15C09D54FF0010CC7F826
:1043300020C0D4F8907047F00107C4F89070870748
:1043400009D5D70707D027683E62D4F8906046F0B9
:104350000406C4F8906046070AD5D60708D0276837
:1043600004263E62D4F8906046F00206C4F89060DD
:1043700006070CD501F020061E4308D02668082346
:104380003362D4F8903043F00803C4F8903003054A
:104390000BD54B0109D526684FF400633362D4F87E
:1043A000903043F02003C4F89030D4F89030002BC4
:1043B0003DD0800609D501F0200002F0805108436D
:1043C00003D0616F09B1204688472168D4F8900076
:1043D0008968490602D410F0280F2AD0204602F03E
:1043E00093FC2068806840061ED52068083050E89D
:1043F000001F21F0400100E021E040E80012002A07
:10440000F3D1D4F8800078B197490165D4F88000E1
:10441000FCF798FC00280AD0D4F88000016D00E079
:104420002046BDE8F04108472046FFF747FFBDE8BA
:10443000F0812046FFF742FFC4F89050F7E7D4F828
:104440006CC02023BCF1010F7ED15FEAC06C7BD52C
:104450005FEAC16C78D51020386220688068400619
:1044600073D5D4F8802081491068884234D07F49C0
:104470001831884230D07D49303188422CD07B4978
:104480004831884228D079496031884224D0774920
:104490007831884220D07549903188421CD07349C8
:1044A000A831884218D07249884215D07049183115
:1044B000884211D06E49303188420DD06C49483164
:1044C000884209D06A496031884205D0684978310C
:1044D000884201D06649903140684FF480770004EB
:1044E000000C40D0B4F85C1081423CD9A4F85E00C6
:1044F000D069B8422FD0216851E8000F20F48070B5
:1045000041E80002002AF6D12068083050E8001F78
:1045100021F0010140E80012002AF5D1206808309E
:1045200050E8001F21F0400140E80012002AF5D1B8
:10453000C4F88C30E566206850E8001F21F01001B7
:1045400040E80012002A01E04AE019E0F3D1D4F873
:104550008000FCF747FA2667B4F85C00B4F85E10F8
:10456000401A81B208E0B4F85C1081427FF466AF73
:10457000D069B842FAD126672046FFF737FE56E7E2
:10458000B4F85C00B4F85E10B4F85E20401A81B252
:10459000002AF4D00029F2D0226852E8000F20F45B
:1045A000907042E80007002FF6D1324F206800F1EA
:1045B000080050E8002F02EA070240E8002CBCF196
:1045C000000FF3D1C4F88C30E5666567226852E8C5
:1045D000000F20F0100042E80003002BF6D1CAE7DC
:1045E000C60209D5560207D54FF48010386220461E
:1045F000BDE8F041FFF760BE06060AD501F080066F
:1046000002F40002164304D0A16F00297FF408AF22
:104610000DE7420611D54A060FD52046016851E83C
:10462000002F22F0400241E80024002CF6D1C0F80F
:104630008830856700F046F9F9E6020206D54A009F
:1046400004D52046BDE8F041FFF735BEC00196D540
:10465000002994DA2046BDE8F041FFF7DFBD0000F5
:104660000100001020010004FF6C0008100002404F
:1046700010040240FEFFFFEF10B5040003D0D4F891
:10468000880010B107E0012010BD002084F88400EC
:10469000204600F027F82420C4F88800206801682C
:1046A00021F001010160A06A10B1204602F06EFA0B
:1046B000204602F0BBFD0128E6D02068416821F4C5
:1046C000904141602068816821F02A018160206862
:1046D000016841F0010101602046BDE8104002F090
:1046E000B9BA000070B5B4B0044614212EA8FBF787
:1046F000B9FEB8216846FBF7B5FE3D4902262068A1
:1047000000243C4D884245D100201D940221CDE972
:1047100000106846FDF72CFE08B1FBF7ABFF3548EB
:104720000830016841F480110160006800F48010D5
:104730003390286840F002002860286800F00200EA
:104740003390286840F00800286028680E2100F0A7
:10475000080033904FF400502E90CDE92F64CDE93E
:10476000314125482EA9FDF797FA082104202E9003
:10477000CDE92F64CDE9314120482EA9FDF78CFA0F
:10478000002205213520FDF741FC3520FDF730FCE6
:1047900034B070BD1A498842FAD100201E9401211C
:1047A000CDE900106846FDF7E3FD08B1FBF762FFB5
:1047B00010481030016841F010010160006800F0FD
:1047C00010003390286840F0010028602868072115
:1047D00000F0010033904FF4C0602E90CDE92F64BB
:1047E000CDE9314107482EA9FDF756FAD0E7000080
:1047F00000500040E044025800040258000C0258E7
:104800000010014000000258704700002DE9F84FE9
:104810000446D0F88800984615460E46202802D057
:104820000220BDE8F88F96B38DB300214FF0210927
:10483000C4F89010C4F888901834FDF749FB8246FC
:1048400054F8100CA587E587183CB0F5805F01D1BE
:10485000206910B13546002600E000255FF02007F2
:10486000B4F8560053464FF00002CDF80080E0B196
:104870008021204602F050FFE0B955B115F8010B38
:1048800021688862D4F8881039EA010007D0012035
:10489000C7E736F8020B2168C0F30800F1E7B4F867
:1048A0005600401EA4F85600DAE74021204602F0E8
:1048B00033FF18B1C4F888700320B2E7C4F88870D9
:1048C0000020AEE77047FEE710B54FF00004EFF3AD
:1048D000058048B905F064FA012806D0EFF310808E
:1048E00010B9EFF3118000B10124204610BD2DE96D
:1048F000F0411E4614460F4605462A2000F06AFC89
:104900001435A8B200F05BFC1434A0B200F057FCE0
:104910002B2000F05FFC384600F051FC304600F0E0
:104920004EFCBDE8F0412C2000F054BC2DE9FE43C4
:10493000022003F04BFB18254FF6FF7700241B4A9B
:1049400064213B460A200294CDE9004500F0B8F905
:10495000174E18A1301D328803F044F84FF607486F
:104960000294321D43466421B420CDE9004500F095
:1049700009FC0E4A96210A203B460D320294CDE9ED
:10498000004500F09DF972880AA106F10A0003F0C3
:1049900029F896214346B4200294CDE9004506F15A
:1049A0000A0200F0EFFBBDE8FE83000068F6000895
:1049B000DC0000242564000010B514460B460246B6
:1049C000FFF795FF2046BDE8104000F0F8BB2DE949
:1049D000F0470C468046581E1F46511E164683B2AD
:1049E000DDF820908AB221464046FFF780FF0AE0BA
:1049F000454604E0484600F0E2FB6D1CADB2B5420E
:104A0000F8D3641CA4B2BC42F2D3BDE8F087000026
:104A100070B5674D4FF40064002221462846FDF72B
:104A200052FA6420FCF79CFA012221462846FDF741
:104A30004AFA6420FCF794FA012228469102FDF715
:104A400042FA6420FCF78CFA112000F0C3FB7820B6
:104A5000FCF786FA362000F0BDFB702000F0D0FB9A
:104A60003A2000F0B7FB052000F0CAFBB22000F0AE
:104A7000B1FB0C2000F0C4FB0C2000F0C1FB0020B7
:104A800000F0BEFB332000F0BBFB332000F0B8FB8E
:104A9000B72000F09FFB352000F0B2FBBB2000F0F8
:104AA00099FB322000F0ACFBC22000F093FB012008
:104AB00000F0A6FBC32000F08DFB152000F0A0FB4A
:104AC000C42000F087FB202000F09AFBC62000F0F5
:104AD00081FB0F2000F094FBD02000F07BFBA42092
:104AE00000F08EFBA12000F08BFBE02000F072FBB9
:104AF000D02000F085FB082000F082FB0E2000F0A3
:104B00007FFB092000F07CFB092000F079FB0520E9
:104B100000F076FB312000F073FB332000F070FBD7
:104B2000482000F06DFB172000F06AFB142000F015
:104B300067FB152000F064FB312000F061FB34209E
:104B400000F05EFBE12000F045FBD02000F058FBB8
:104B5000082000F055FB0E2000F052FB092000F069
:104B60004FFB092000F04CFB152000F049FB3120E1
:104B700000F046FB332000F043FB482000F040FBF0
:104B8000172000F03DFB142000F03AFB152000F048
:104B900037FB312000F034FB342000F031FB2120C2
:104BA00000F018FBBDE87040292000F013BB0000A6
:104BB000000402582DE9FF4F81B004464FF0000871
:104BC000DDF83C9000904FEA5907780700D00120AB
:104BD00000EBD700203A00FB09FBD0B2039002980B
:104BE000E119491E4844401E83B220468AB2029908
:104BF000FFF77DFE002553E0B9F10C0F2AD0B9F183
:104C0000100F2ED0B9F1180F2ED0B9F1200F49D1C5
:104C10000398274901EB8010002610F805A0109892
:104C200000284FF0010000FA06F000EA0A0022D046
:104C300020B1049A20460299FFF7BEFE0098641C3A
:104C4000A4B2201AB84225D10298009C401C80B220
:104C5000029023E00398174900EB400001EB80002D
:104C6000DAE71549039803E00398144900EB400084
:104C700001EB0010D0E708B1049800E00E9800F0B6
:104C80009EFA08F10100C0B2B0FBF7F1804607FBC5
:104C9000118050B1761CF6B2082EC0D36D1CADB297
:104CA0005D45A9D305B0BDE8F08F4FF00008F5E7EA
:104CB00000BF0008CCA2000840A7000830AD0008E3
:104CC0002DE9FE4F994615468A460746DDF83080A5
:104CD000DDE90D4614E00C2C17D0102C20D0182C38
:104CE00029D0202C0FD1CDF800804B46CDE90146CC
:104CF0002A465146384600F0A1F9381987B2AD1C52
:104D000028780028E7D1BDE8FE8FCDF800804B461B
:104D1000CDE901462A465146384600F017F8ECE73F
:104D2000CDF800804B46CDE901462A46514638462B
:104D300000F08AF8E1E7CDF800804B46CDE9014666
:104D40002A465146384600F0FBF8D6E72DE9FF4FDA
:104D500083B080464FF00009119D0090690701D093
:104D6000012000E0002000EBD5000421029100FBAF
:104D700005FB00260599334806EB86030A7803EB0A
:104D8000C60110F81130934251D1059A00EB410051
:104D9000527801904078904249D10498411908EB2B
:104DA0000500401E82B24046491E8BB20499FFF7AF
:104DB0009EFD002739E00198002400EB070A1298B5
:104DC00000284FF001009AF8021000FA04F001EAFE
:104DD000000115D021B1069A40460499FFF7ECFD79
:104DE000009908F101001FFA80F8A8EB0100A84221
:104DF00015D10499DDF80080491C88B2049012E0B6
:104E000009B1069800E0109800F0D9F909F1010005
:104E1000C0B2B0FBF5F1814605FB119078B1641C7E
:104E2000E4B2082CCBD37F1CFFB25F45C3D30298FA
:104E3000761CB6B286429DD307B0BDE8F08F4FF026
:104E40000009F0E7C0D600082DE9FF4F83B0804687
:104E50004FF00009119D0090690701D0012000E08A
:104E6000002000EBD5000421029100FB05FB002689
:104E70003248059A06EB0611127810F81130934269
:104E800050D1059A00EB4100527801904078904251
:104E900048D1049808EB0501491E2844401E83B2FE
:104EA00040468AB20499FFF722FD002738E00198B6
:104EB000002400EB070A129800284FF001009AF82E
:104EC000021000FA04F001EA000114D021B1069AA0
:104ED00040460499FFF770FD009908F101001FFAA0
:104EE00080F8A8EB0100A84214D104988846401C21
:104EF00080B2049012E009B1069800E0109800F02A
:104F00005EF909F10100C0B2B0FBF5F1814605FB85
:104F1000119078B1641CE4B2082CCCD37F1CFFB292
:104F20005F45C4D30298761CB6B28642A0D307B0C0
:104F3000BDE8F08F4FF00009F0E7000028D7000827
:104F40002DE9FF4F83B080464FF00009119D00907E
:104F5000690701D0012000E0002000EBD500082106
:104F6000029100FB05FB00260599334806EB8603FA
:104F70000A7803EB461110F81130934251D1059A8B
:104F800000EB4100527801904078904249D104985A
:104F9000411908EB0500401E82B24046491E8BB203
:104FA0000499FFF7A4FC002739E00198002400EBE6
:104FB000070A129800284FF001009AF8021000FA30
:104FC00004F001EA000115D021B1069A4046049987
:104FD000FFF7F2FC009908F101001FFA80F8A8EB36
:104FE0000100A84215D10499DDF80080491C88B25F
:104FF000049012E009B1069800E0109800F0DFF884
:1050000009F10100C0B2B0FBF5F1814605FB11903A
:1050100078B1641CE4B2082CCBD37F1CFFB25F458F
:10502000C3D30298761CB6B286429DD307B0BDE8C2
:10503000F08F4FF00009F0E7B0D700082DE9FF4FDF
:1050400083B080464FF00009119D0090690701D0A0
:10505000012000E0002000EBD5000121029100FBBF
:1050600005FB00263248059A06EB8611127810F8E7
:105070001130934250D1059A00EB410052780190D3
:105080004078904248D1049808EB0501491E284415
:10509000401E83B240468AB20499FFF728FC0027DD
:1050A00038E00198002400EB070A129800284FF01E
:1050B00001009AF8021000FA04F001EA000114D08D
:1050C00021B1069A40460499FFF776FC009908F151
:1050D00001001FFA80F8A8EB0100A84214D104983F
:1050E0008846401C80B2049012E009B1069800E0A6
:1050F000109800F064F809F10100C0B2B0FBF5F1BE
:10510000814605FB119078B1641CE4B2082CCCD325
:105110007F1CFFB25F45C4D30298761CB6B28642AC
:10512000A0D307B0BDE8F08F4FF00009F0E7000012
:10513000200000242DE9F0471F469046CB1900EBD4
:105140000802DDF820905B1E521E9BB292B2002531
:10515000FFF7CDFB002611E000240BE019F8150045
:1051600000F04EF809EB4500407800F049F8641C67
:10517000A4B26D1CBC42F1D3761CB6B24645EBD34B
:10518000BDE8F0872DE9FE4F994614468A4605464C
:10519000DDE90D67DDF830800CE0CDF800804B468E
:1051A000CDE9016751462846FFF704FD05EB56009F
:1051B00085B2641C2278002AEFD1BDE8FE8F10B5BD
:1051C0000446000A00F01CF8E0B2BDE8104000F010
:1051D00017B8000070B5094D4FF4806400220646F0
:1051E00021462846FCF76FFE304600F009F82146BC
:1051F0002846BDE870400122FCF765BE000C02584D
:1052000031B50A4D4FF40044002221462846FCF7F0
:105210005AFE074801224FF6FF736946FEF744FB2A
:10522000012221462846FCF74EFE38BD00100258E8
:10523000C00200242DE9F04118480022164D012635
:1052400000F11408042182600F2705600D25C2605B
:10525000022406740A234274827488E8C200C0E9FA
:105260000A450463C0E90816C0E90D21C0E90F131F
:10527000C0E91113C0E91314C0E91513C36503662F
:10528000C0E91921FCF7E6F9002803D0BDE8F04198
:10529000FBF7F0B9BDE8F08100A000402002002437
:1052A0001E4810B502F0B6FF1D4CA0621B4810301E
:1052B00002F0B0FF194A0821E0621020183A02F00B
:1052C00013FF164A002160621648F03A02F0F6FF1A
:1052D000124A0021E0601448CC3A02F0EFFF0F4A76
:1052E000002120611148A83A02F0E8FF0B4A002192
:1052F00060610F48843A02F0E1FF084A0021A06192
:105300000C48603A02F0DAFF044A0021E0610A48E2
:105310003C3A02F0D3FF206210BD000048F60008BE
:10532000AC00002429600008E56000080163000863
:1053300059630008D56300082D6400082DE9F04F7B
:1053400087B014216846FBF78DF83948016841F0B1
:1053500080010160016801F080010591016841F060
:1053600001010160016801F001010591016841F04E
:1053700010010160016801F010010591016841F020
:1053800002010160016801F002010591016841F02C
:105390000801016000684FF40047DFF898A0002280
:1053A00000F00800394605905046FCF78CFDDFF808
:1053B00088B04FF44068002241465846FCF783FD10
:1053C0004FF480691D4800224946FCF77CFD01240A
:1053D00020204FF404118DE8130019486946FCF7AA
:1053E0005BFC01AA0097002569460226504682E828
:1053F0007000FCF751FC01AACDF8008069465846C0
:1054000082E87000FCF748FC01AACDF800900B4838
:10541000694682E87000FCF73FFC00220621172055
:10542000FCF7F4FD1720FCF7E3FD07B0BDE8F08FB3
:10543000E04402580010025800040258000C0258C0
:10544000000002582DE9F0414FF480051448134A3A
:1054500007276E114FF0007C2C0180E8E41000213A
:10546000E300C0E90514C0E9073141625A008162D6
:10547000C162C0E90D21C163016441648164C164FA
:10548000016541658165FEF7FBF8002803D0BDE8A2
:10549000F041FBF7EFB8BDE8F081000000300140BB
:1054A000C002002430B58FB000241C21009407A84E
:1054B000019402940394049405940694FAF7D2FF9D
:1054C000204840F2E73240F226231D4D8021C0E9FA
:1054D000024204618161C0E90053FEF765FB08B137
:1054E000FBF7C8F84FF48050009016486946FEF765
:1054F00007FC08B1FBF7BEF81248FEF7E0FD08B163
:10550000FBF7B8F80F4804A904940694FEF7F0FAE4
:1055100008B1FBF7AFF807AA40F2F311602082E868
:1055200013000848042207A90B94FEF736FD08B1C2
:10553000FBF7A0F80348FEF707FD0FB030BD0000F1
:1055400000180040940300243EB51148002441F2A5
:1055500087320E4D7723009401948021029481615B
:10556000C0E90242C0E90053FEF71EFB08B1FBF799
:1055700081F80748694600940294FEF7B9FA08B129
:10558000FBF778F80248FEF76BFB3EBD00100040C9
:105590004803002470B518480021164C0C2300F174
:1055A0000C0C164D22158CE80E008161A614C16109
:1055B00001624162816280E87000FFF75DF808B126
:1055C000FBF758F80C480021FEF74FFE08B1FBF737
:1055D00051F809480021FEF722FE08B1FBF74AF80E
:1055E0000548FEF7BCFD002803D0BDE87040FBF77E
:1055F00041B870BD00500040E0030024A0860100C7
:105600001848002110B5164C0C224FF4E133046009
:10561000C0E90131C160C0E904128161C161016268
:1056200041628162FFF728F808B1FBF723F80D48C3
:105630000021FEF71AFE08B1FBF71CF8094800210B
:10564000FEF7EDFD08B1FBF715F80648FEF787FDFC
:10565000002803D0BDE81040FBF70CB810BD0000D7
:105660000010014074040024FEE7000070B55D4D99
:105670002DED048BB5F9022029885B4800F088F9EC
:105680005A4EB6F9022031885748183000F080F998
:10569000574C2078DFED578AE8B35348B0EE681ACC
:1056A00094ED020AD0ED000A503000F0AFF94E48F8
:1056B000F0EE400A1830B0EE608AD0ED000A783083
:1056C000B0EE681A94ED020A00F0A0F99FED4A1AB4
:1056D000DFED4A1AB3EE032A68EE010A20EE011A42
:1056E000B5F9020080EEA10AC1EE210A20EE020AFD
:1056F00020EE829A00EE900A3B48B0EE681A3030F5
:10570000F8EEE00A00F082F9B6F90200B0EE408A45
:1057100000EE100A00E017E0F8EEC00AB0EE681ADA
:10572000B0EE490A3048703000F070F918EE100AF7
:10573000344A4FF08D41DFED320A9FED331A884233
:105740002BDDB0EE608A2EE0B5F90200E16800EED4
:10575000900A254801EB410202EB011100EE101AFC
:105760003030F8EEE00AB8EEC00AB0EE681A00F089
:105770004DF9B6F902002169B0EE408A00EE900AB8
:1057800001EB410202EB011100EE101AF8EEE00A03
:10579000B0EE681AB8EEC00AC4E718EE100A9042DC
:1057A00001D9B0EE418A10EE100A884202DDB0EE57
:1057B000600A05E010EE100A904201D9B0EE410AED
:1057C00084ED058AFDEEC00A84ED060ABDEEC80A26
:1057D00010EE901ABDEC048B10EE100ABDE870407C
:1057E00000F08AB8A2000024444E0024A600002441
:1057F000800100240AD7A33B00007042DB0FC940A0
:1058000000008046000080C6000080C610B5354804
:10581000B2EE040A2DED048BDFED308A9FED308A65
:10582000B0EE681AF0EE480A00F03FF99FED2E9AAC
:10583000DFED2E9A2B48F0EE490AB0EE690A00F02F
:105840002FF9284800F020F92648B0EE681A4030B9
:10585000F0EE480AB2EE040A00F027F92148F0EE13
:10586000490A4030B0EE690A00F01AF91D4840308C
:1058700000F00AF91B48B0EE481A2030F0EE480A52
:10588000B1EE040A00F011F9DFED198A9FED199AC3
:105890001448F0EE680A2030B0EE490A00F000F932
:1058A0001048203000F0F0F80E48B0EE481A603092
:1058B000F0EE480AB1EE040A00F0F7F80948F0EEFD
:1058C000680A6030B0EE490A00F0EAF8BDEC048BDB
:1058D0000448BDE81040603000F0D6B8A69BC43A3A
:1058E00000000000744E0024000080C600008046C6
:1058F000000048C30000484370B58CB00C4624211A
:10590000054601A8FAF7AEFD290A8DF828108DF892
:1059100029500022200A8DF82A0008268DF82B40F5
:105920004FF400730B92CDE90132CDE9032605480F
:1059300001A907920592069208920AAAFBF766FB54
:105940000CB070BD20020024094910B50870094848
:1059500000F09AF80748403000F096F805482030EB
:1059600000F092F80348BDE81040603000F08CB8B9
:1059700080010024744E00240149C8607047000073
:105980008001002401490861704700008001002463
:1059900010B5838ACC1A036924B214F5805F01DA4A
:1059A0005B1C03E0B4F5805F01DD5B1E036100EE6C
:1059B000102ADFED142A818201EB4331B8EEC00AD0
:1059C0009FED0E1AF3EE030AF0EE001A60EE222AA3
:1059D00000EE101A9FED0A2AC160B8EEC00A20EE50
:1059E000011A82EEA00A21EE211A21EE021AC1EE5E
:1059F000201AC0ED001A80ED010A10BD0000003928
:105A0000DB0F49405077D63DFDF796BB70EE600A3C
:105A100090ED042AD0ED051AD0ED062A70EEC24AA8
:105A200090ED072A40EE811A84EE810A90EC033A49
:105A3000F4EEC22AC0ED030AC0ED051A23EE203AA7
:105A4000F1EE10FA63EEA13A24EE000A33EE233AA7
:105A500033EE000A14DDF4EEC02AF1EE10FA04D29F
:105A600040EEC11AB0EE620A08E0B4EEC02AF1EED0
:105A700010FA05DD40EEC11AB0EE420AC0ED051A7B
:105A8000C0ED040A704700009FED040A80ED030A90
:105A900080ED040A80ED050A704700000000000058
:105AA00080ED060AC0ED070A704780EC030A7047D4
:105AB00070B50446007800090F2859D2DFE800F0DD
:105AC000080A5858585858584A4C4E505254560084
:105AD00028A000E029A001F075FFE5782279B4F84C
:105AE000010063792D0102F00F042B4945EA1212DF
:105AF00000EE902A40BA00EE100AF8EE600ADFEDE0
:105B0000211AF8EE405A9FED205A80EEA10A43EA8E
:105B1000042301EE103AF3EE094ABAEE093AB8EE60
:105B2000411A9FED1A4ADFED1A2ADFED1A3ABBEE51
:105B3000022AC5EE850A40EE042A81EE215A00EEC3
:105B4000A43A81ED003AC1ED012A05EE232A81ED48
:105B5000022A70BD11A0BEE712A0BCE713A0BAE7ED
:105B600014A0B8E716A0B6E71AA0B4E71DA0B2E7E4
:105B70001EA0B0E7E5A4B1E883BD0A00E4BDBFE81C
:105B800083BD0A0000F07F4500FF7F470000B4425C
:105B9000000034C200001042A0010024E8B685E5F0
:105BA0008E8B0A00E6ACA0E58E8B0A00E8BF87E684
:105BB000B5810A004D4F5320E8BF87E6B8A90A0017
:105BC000E794B5E69CBAE7BABFE59C88E8BF87E6EC
:105BD000B8A90A00E9809AE8AEAFE4B8A2E5A4B19A
:105BE0000A000000E8BF87E8BDBD0A00E69CAAE7FE
:105BF0009FA5E99499E8AFAF0A0000002DE9F047AE
:105C0000454D044689464FF0000A2868C043800786
:105C10000AD0414E283E306820F080603060FCF7AA
:105C200057F90746B04608E00120BDE8F08700BFFD
:105C3000FCF74EF9C01B022867D8D8F80000000115
:105C4000F6D4206829684FF4FE0721F47C313E0227
:105C500041EA00302860207AA389B4F804C04002E9
:105C60002D4D2D495B1E227CACF1010C1035091D18
:105C7000A0F5007080B2521ECCF3080C07EA034373
:105C800040EA0C00184306EA0262104328600868E4
:105C9000626920F0C000104308600A68A06922F021
:105CA000200202430A60281D0A6822F010020A60DE
:105CB00002684FF6F873E4699A4342EAC40202604C
:105CC0000868B9F1000F40F010020A6011D00868AE
:105CD000B9F1010F11D040F400100860D8F80000AD
:105CE000444640F08060C8F80000FCF7F1F8054633
:105CF0000DE0086840F40020EFE740F48010ECE786
:105D0000FCF7E6F8401B022801D903208DE7206844
:105D10000001F5D5504688E7284402582DE9F047A0
:105D2000454D044689464FF0000A2868C043800765
:105D30000AD0414E283E306820F080503060FCF799
:105D4000C7F80746B04608E00120BDE8F08700BF6D
:105D5000FCF7BEF8C01B022867D8D8F80000800006
:105D6000F6D4208829684FF4FE0721F07C713E02AA
:105D700041EA00502860207AA389B4F804C04002A8
:105D80002D4D2D495B1E227CACF1010C1835091DEF
:105D9000A0F5007080B2521ECCF3080C07EA034352
:105DA00040EA0C00184306EA0262104328600868C3
:105DB000626920F44060104308600A68A06922F418
:105DC000007202430A60281D0A6822F480720A6089
:105DD00002684FF6F873E4699A4342EAC40202602B
:105DE0000868B9F1000F40F480720A6011D00868A9
:105DF000B9F1010F11D040F080700860D8F80000B0
:105E0000444640F08050C8F80000FCF761F80546B1
:105E10000DE0086840F48000EFE740F40000ECE794
:105E2000FCF756F8401B022801D903208DE72068B3
:105E30008000F5D5504688E72844025806490128D5
:105E400002D0022802D004E0086800E04868411C43
:105E500000D100207047000000000E0810B5028835
:105E60001749C2F30A02A2F580620A804278837859
:105E7000D20842EA4312C2F30A02A2F580624A80C3
:105E80008278C3780479920942EA830242EA842242
:105E9000C2F30A02A2F580628A800279437952082D
:105EA00042EAC312C2F30A02A2F58062CA804279B2
:105EB00092090A724079C0F30110487210BD0000C7
:105EC000F44E002410B5026840F26F3351699469B2
:105ED00044F0080494610268946944F010049461E9
:105EE0000268146824F001041460026814699C4379
:105EF00014610268936823F44043936090F8812012
:105F0000042A0CD08A060AD5D0F8842042F08002F8
:105F1000C0F884200268936943F02003936190F8ED
:105F20008120032A0CD04A060AD5D0F8842042F0FA
:105F30000402C0F884200268936943F0400393612F
:105F40008A050AD5D0F8842042F00102C0F88420E6
:105F50000268936943F400739361C9050AD5D0F8C8
:105F6000841041F00801C0F8841001688A6942F485
:105F700080728A610021A0F86210A0F86A1010BD3A
:105F80002DE9F0411C4616460D460746DDF81880FF
:105F90000AE000BFFBF79CFFA0EB0800A04202D381
:105FA000601C01D00BE054B13868406935EA00004C
:105FB00007D00020B042EDD00020BDE8F0810320E2
:105FC000FBE70120F6E7000070B586B00E4600241E
:105FD0000546009472B6FF2211482021FAF73BFAD9
:105FE0000F48C0E90056FBF711FE20210194012063
:105FF0000722CDE904016946CDE9020201A8FBF7B9
:106000004BFD10B90098401C04D0FBF7A7FD62B609
:1060100006B070BD024A01200249FBF7ADFDF4E76E
:10602000C001002400000E081CB52B48FBF711FD31
:106030002A4900222848FAF7A5FF4FF4967001F08C
:10604000C5FF0120FAF7EAFA254C4FF0FF35002290
:106050002B466946606A02F00DF8A06A294602F0F4
:10606000B1F89DF8000000F00F00012802D1684649
:10607000FFF71EFDA06A02F0FFF80026606A00220A
:106080002B46694601F0F6FFA06A294602F09AF80D
:106090006846FFF70DFDA06A02F0EEF8761C0A2EA6
:1060A000ECDB01202070606A00222B46694601F07B
:1060B000E1FF0028F7D1A06A294602F083F89DF895
:1060C000000000F00F00012802D16846FFF7F0FC45
:1060D000A06A02F0D1F8E6E72002002401000002E5
:1060E000AC0000242DED048B9FED7B8A7B490127BA
:1060F0007B481222FEF753F8C82001F067FF9FED9E
:10610000799A794D0126DFF8E4A14FF47A78784C3A
:106110004FF0FF3B4FF00009207838B3A08842468B
:10612000904227D2401C80B2A08040450ED16B48DF
:106130001221FAF797F9C5F80090C5F80490A5F870
:106140000890122265496648FEF729F8B5F904005F
:1061500010F1050F03DBB5F90400052800DDA6707A
:106160000120B0EE480A3946FAF7F6F9012001F0AD
:106170002DFFD1E7287A022802D0287A032839D1C6
:10618000B5F90400011D092900D20020297A02294D
:1061900002D0617879B117E000EE100AF3EE040A3C
:1061A000B8EEC00A20EE200AC0EE090ABDEEE00AF1
:1061B00010EE100A18E04F494B684969194401EB89
:1061C000D1714910A160667000EE100ADFED4A0A35
:1061D000A168B8EEC00A20EE200AC0EE090ABDEEA2
:1061E000E00A10EE100A0844424920314860486134
:1061F0004E734E77287A012810D0287A02281CD0B6
:10620000287A032819D0F0EE488A84F801900120FA
:10621000B0EE680A3946FAF79FF97DE784F80190F5
:106220009AED000A02F0F0FC012001F043FB02208D
:1062300001F040FBF0EE488AE9E7B5F90600DFED32
:106240002F0A00EE100AB8EEC00A20EE200A10EE67
:10625000100A10F1814F06D210EE100AB0F17E5FE5
:1062600001DAB0EE480AB5EEC00AF1EE10FA2CD110
:10627000E08890421ED2401C80B2E080404503D1AD
:106280009AED000A02F0C0FCB0EE480A02F0C2FC2F
:10629000012002F0B3FCA06A0127594601F092FFE9
:1062A0002078A8B102F048FDF0EE408AA06A01F023
:1062B000E3FFACE7002002F0A1FCA06A00275946EA
:1062C00001F080FF02F0ACFCEAE7A4F80690DDE7FD
:1062D000F0EE488AEAE7000000000000FE4E0024CD
:1062E000E003002400002544F44E0024A001002413
:1062F000AC000024E001002400C82F48E9A28B3D37
:106300000121084601F0B0FA114C0026012020704E
:10631000667204F120050F4F607A012813D0687B64
:1063200088B1387A022803D0387A032806D009E0E9
:1063300069681E22012001F00BFB03E0696801205F
:1063400001F036FA6E730A2001F040FEE4E7000027
:10635000E0010024F44E00240120FFF76FFD064603
:106360000220FFF76BFD1A4C4FF461674FF47A7807
:10637000054642F21079012001F0CAFA052001F029
:1063800025FE022001F0C4FA052001F01FFE60681E
:10639000801B606801D5301A00E0801B6169491BD1
:1063A000616901D5691A00E0491BB84201DAB942B6
:1063B00005DB61696068FFF707FE6668656940464E
:1063C00001F004FEFEF7B2FA484601F0FFFDD2E705
:1063D000E00100240121022001F046FA114C0026C0
:1063E00002202074667604F120050F4F607E01289C
:1063F00013D0687F88B1387A022803D0387A03280E
:1064000006D009E069691E22022001F0A1FA03E02A
:106410006969022001F0CCF96E770A2001F0D6FDFF
:10642000E4E70000E0010024F44E00241CB5002045
:10643000FFF78AFA1C4E00251C4C3078A84209D080
:106440003578607A022809D00020FFF795FA0020FD
:10645000FFF798FA012001F0B9FDEEE7B4F9020068
:106460009FED131AB4F9001000EE100A00EE901A16
:1064700001A96846B8EEC02AF8EEE01A82EE010AD9
:10648000C1EE810AFAF756F89DED000ABDEEC00A8A
:1064900010EE100AFFF770FA9DED010ABDEEC00A7A
:1064A00010EE100AD4E70000AA000024F44E0024E5
:1064B000000025444FF0E02010B5006903F070FCA7
:1064C000012803D0BDE8104002F0DEBF10BD00007F
:1064D00070B59CB04C216846F9F7C4FF202113A881
:1064E000F9F7C0FF0220FBF7C3FD1D48016821F446
:1064F000404101600168002401F440411B910168A2
:106500008904FCD502200A9014230990C2030121BA
:106510000D910325CDE90012CDE90B030C26129451
:10652000CDE90E50CDE910646846FCF715FE08B1C0
:1065300072B6FEE740203F2113910201CDE91454C9
:10654000CDE91640CDE9180203211A9013A8FCF7F3
:10655000ADFB08B172B6FEE7FCF7D6FC1CB070BD0F
:10656000184802582D48F0B52D4A016841F47001D1
:106570000160106800F00F00072804D2106820F0B6
:106580000F00C01D106027490020264C10340B68F6
:10659000254D43F001030B6020600B682B400B601E
:1065A000136803F00F03072B04D9136823F00F03BC
:1065B000DB1D13601B4C1D4A18341D4B261D371D57
:1065C0002060184C1B4D28343060261D3860371D64
:1065D00023603B1D35601C1D3A60251D2E1D186073
:1065E000331D22602860326018600B680D4A0D4C24
:1065F00023F48023D4320B60603420601068C00420
:106600000BD4136843F2D2000B4943F48053136058
:106610000860106820F480501060F0BD88ED00E044
:1066200000200052004402587FEDF6EA800201018A
:10663000000202020000FF01004000520148FDF785
:10664000DEBB0000080500240148FDF7D8BB0000B0
:10665000480300242DE9F0472C4B4FF0804A2C4D85
:10666000026898422B4E2C4F2C4C09D0504507D035
:10667000A84205D0B04203D0B84201D0A04205D113
:10668000D1F804C022F070024CEA0202DFF890C098
:10669000DFF890809842DFF8909015D0504513D0E5
:1066A000A84211D0B0420FD0B8420DD0A0420BD0BA
:1066B000604509D0404507D0484505D01B4DA8424C
:1066C00002D01B4DA84203D1CD6822F440722A4368
:1066D0008E684D6922F08002C6620E682A43984295
:1066E000866207D0A04205D0604503D0404501D066
:1066F000484501D1096901630368012143F004039E
:10670000036041610260BDE8F087000000000140C5
:106710000004004000080040000C0040000401405C
:1067200000400140004401400048014000E00040BA
:1067300000E4004042EA032283680A4323F47F41D5
:106740000A43826070470000034B82681A400A4384
:1067500042F00701816070478FFFCFFF2DE9F04FB6
:10676000DFF88C80234EDFF89090DFF890B0026A5B
:10677000036AB042DFF888A022F0020C214F23F018
:1067800001020262436885698A680C6805EA0805A7
:1067900025F0030542EA0C0244EA050407D0484507
:1067A00005D0584503D0504501D0B84208D1D0F8A3
:1067B00020C022F008052CF004020262CA682A43B5
:1067C000B04207D0484505D0584503D0504501D0C8
:1067D000B84205D123F44076D1E9055335432B4324
:1067E00043608461496841630262BDE8F08F000044
:1067F0008FFFFEFF00000140000401400040014007
:106800000044014000480140F0B5DFF880E0204C32
:10681000204D026A036AA04222F0200623F01003F2
:10682000036242688369D1F808C00F6803EA0E0367
:1068300023F4407E46EA0C134EEA072601D0A84214
:1068400008D1076A23F0800327F040070762CF686A
:1068500043EA0713A0420AD0A84208D00E4CA04237
:1068600005D00E4CA04202D00D4CA04207D1D1E978
:10687000054522F4406242EA840242EA850242600F
:106880008661496881630362F0BD0000FF8FFFFEEF
:10689000000001400004014000400140004401406C
:1068A00000480140F0B5DFF880E0204D204E026A3C
:1068B000036AA84222F4007723F4807303624368DA
:1068C000C269D1F808C002EA0E020C6822F0030E79
:1068D00047EA0C2244EA0E0401D0B04208D1076A0C
:1068E00022F4006227F480670762CF6842EA072239
:1068F000A8420AD0B04208D00E4DA84205D00E4D95
:10690000A84202D00D4DA84207D1D1E9055623F483
:10691000405343EA051343EA06134360C4614968E0
:10692000C1630262F0BD00008FFFFEFF0000014066
:106930000004014000400140004401400048014083
:10694000F0B5046A026A22F4805202624268C369A6
:1069500024F40054DFF848C08E680D6803EA0C0385
:10696000104F23F4407344EA0634B84243EA052347
:106970000BD00D4DA84208D00C4DA84205D00C4DAF
:10698000A84202D00B4DA84204D14D6922F48042A6
:1069900042EA85124260C361496801640462F0BD45
:1069A000FF8FFFFE00000140000401400040014055
:1069B0000044014000480140F0B5164F164B026AF2
:1069C000046A984222F4003524F48033036242685A
:1069D000436D0E890C6803EA070344EA030445EAA1
:1069E00006430BD00D4DA84208D00D4DA84205D04E
:1069F0000C4DA84202D00C4DA84204D14D6922F49E
:106A0000803242EA0522426044654968816503623A
:106A1000F0BD00008FFFFEFF0000014000040140B8
:106A2000004001400044014000480140F0B5164FCD
:106A3000164B026A046A984224F48013036222F41B
:106A400000144268436D0E890D6803EA070344EAA7
:106A5000065443EA05230BD00D4DA84208D00D4D36
:106A6000A84205D00C4DA84202D00C4DA84204D13A
:106A70004D6922F4802242EA8522426043654968DA
:106A8000C1650462F0BD0000FF8FFFFE0000014001
:106A90000004014000400140004401400048014022
:106AA00030B5114C036A056AA04225F00104046266
:106AB0000BD00E4CA04208D00D4CA04205D00D4C7E
:106AC000A04202D00C4CA04203D1046A24F004047A
:106AD0000462846923F00A030B4324F0F00444EABF
:106AE00002118161036230BD0000014000040140D9
:106AF00000400140004401400048014030B50D4CC9
:106B0000036A056AA04225F01004046202D00A4C10
:106B1000A04203D1046A24F040040462846923F093
:106B2000A00343EA011124F4704444EA0232826172
:106B3000016230BD00000140000401400148FDF742
:106B4000CDBB0000E003002430B5416EB9B101684F
:106B50000D4B03F108048A688968C2F34262490F49
:106B60005D5C615C2D01B5FBF1F1A0F86A10995CE8
:106B7000A25C0901B1FBF2F1A0F8681030BD01215F
:106B8000A0F86A10F8E70000F8F6000890F828105E
:106B9000090706D50168836B4A6822F400421A434C
:106BA0004A6090F82810C90706D00168C36A4A688D
:106BB00022F400321A434A6090F82810890706D55B
:106BC0000168036B4A6822F480321A434A6090F8E5
:106BD0002810490706D50168436B4A6822F48022D1
:106BE0001A434A6090F82810C90606D50168C36B9D
:106BF0008A6822F480521A438A6090F82810890625
:106C000006D50168036C8A6822F400521A438A6030
:106C100090F82810490611D50168436C4A6822F49F
:106C200080121A434A60416CB1F5801F06D1016899
:106C3000836C4A6822F4C0021A434A6090F8281014
:106C4000090606D50168C26C486820F4002010438C
:106C5000486070472DE9F84300250446C0F890507D
:106C6000FBF736F98046206820266FF07E470068E3
:106C7000000713D50022434631042046009700F058
:106C80004BFD58B1216851E8000F20F0800041E829
:106C90000002002AF6D1C4F8886021E0206800686C
:106CA000400722D5002243464FF48001204600973A
:106CB00000F032FDC8B1206850E8001F21F4907147
:106CC00040E80012002AF6D12068083050E8001F82
:106CD00021F0010140E80012002AF5D1C4F88C60CF
:106CE000032084F88450BDE8F883C4F88860C4F8B1
:106CF0008C60E5662567002084F88450F3E710B5C2
:106D0000806BFDF7DBFA10BD10B5026852E8001F7A
:106D100021F4907142E80013002BF6D10E4B02686B
:106D2000083252E8001F194042E80014002CF6D146
:106D3000C16E012908D1026852E8001F21F010013C
:106D400042E80013002BF6D100212022C0F88C204D
:106D5000C166416710BD0000FEFFFFEF10B5D0F81F
:106D60008C10B0F860202229016804D0886940F0B6
:106D70000800886110BD496A836D11401980816DDA
:106D8000891C8165B0F85E10491EA0F85E10B0F84D
:106D90005E100029EED1016851E8002F22F49072B4
:106DA00041E80023002BF6D10168083151E8002F9B
:106DB00022F0010241E80023002BF5D1184B0021FD
:106DC00002682024C0F88C40416701679A420BD0CA
:106DD0005268120208D5036853E8002F22F080623F
:106DE00043E80024002CF6D1C26E012A02D0FDF740
:106DF0000BFD10BDC166026852E8001F21F01001B2
:106E000042E80013002BF6D10168CA69D243D206CA
:106E100001D410220A62B0F85C10FDF7E7F910BD4A
:106E2000000C00582DE9F04704460068C569D0F809
:106E300000A0D0F80890D4F88C10B4F86060222933
:106E400005D0816941F008018161BDE8F087B4F89F
:106E500068704FF0000844E02068A16D406A30403F
:106E60000880A06D801CA065B4F85E00401EA4F8E8
:106E70005E002068C569690730D0E9070AD05FEA7B
:106E8000CA5107D501210162D4F8900040F00100F9
:106E9000C4F89000A8070BD55FEAC97008D0216834
:106EA00002200862D4F8900040F00400C4F890007A
:106EB00068070BD55FEAC97008D021680420086212
:106EC000D4F8900040F00200C4F89000D4F890008C
:106ED00020B12046FDF7F2F9C4F89080B4F85E00C6
:106EE00000B30FB1A806B7D4B4F85E000028ACD048
:106EF000B4F868108142A8D92068083050E8001F13
:106F000021F0805140E80012002AF5D12A4860673C
:106F1000216851E8000F40F0200041E80002002AFB
:106F2000F6D192E7216851E8000F20F4807041E823
:106F30000002002AF6D1214A2068083050E8001FDC
:106F4000114040E80013002BF6D11D4A2023216890
:106F50004046C4F88C30C4F87480C4F87080914204
:106F60000BD04968090208D5226852E8001F21F0B9
:106F7000806142E80013002BF6D1E16E012903D0B5
:106F80002046FDF741FCAFE7E066216851E8000FBD
:106F900020F0100041E80002002AF6D12068C16903
:106FA000C943C90601D410210162B4F85C1020461F
:106FB000FDF71CF998E700005D6D0008FEFFFFEF8C
:106FC000000C005810B5D0F88C10B0F860202229C1
:106FD000016804D0886940F00800886110BD496AE2
:106FE000836D11401970816D491C8165B0F85E1088
:106FF000491EA0F85E10B0F85E100029EED10268BC
:1070000052E8001F21F4907142E80013002BF6D1E2
:107010000168083151E8002F22F0010241E8002305
:10702000002BF5D1184B002102682024C0F88C40B9
:10703000416701679A420BD05268120208D5026874
:1070400052E8003F23F0806342E80034002CF6D180
:10705000C26E012A02D0FDF7D7FB10BDC1660268DF
:1070600052E8001F21F0100142E80013002BF6D176
:107070000168CA69D243D20601D410220A62B0F86C
:107080005C10FDF7B3F810BD000C00582DE9F04777
:1070900004460068C569D0F800A0D0F80890D4F87C
:1070A0008C10B4F86060222905D0816941F0080194
:1070B0008161BDE8F087B4F868704FF0000844E0E3
:1070C0002068A16D406A30400870A06D401CA0652A
:1070D000B4F85E00401EA4F85E002068C569690728
:1070E00030D0E9070AD05FEACA5107D50121016211
:1070F000D4F8900040F00100C4F89000A8070BD528
:107100005FEAC97008D0216802200862D4F89000B4
:1071100040F00400C4F8900068070BD55FEAC9701E
:1071200008D0216804200862D4F8900040F00200E2
:10713000C4F89000D4F8900020B12046FDF7BEF8C6
:10714000C4F89080B4F85E0000B30FB1A806B7D4BD
:10715000B4F85E000028ACD0B4F868108142A8D919
:107160002068083050E8001F21F0805140E80012EC
:10717000002AF5D12A486067206850E8001F41F0D6
:10718000200140E80012002AF6D192E7216851E878
:10719000000F20F4807041E80002002AF6D1214A55
:1071A0002068083050E8001F114040E80013002B11
:1071B000F6D11D4A202321684046C4F88C30C4F81B
:1071C0007480C4F8708091420BD04968090208D5D8
:1071D000226852E8001F21F0806142E80013002B72
:1071E000F6D1E16E012903D02046FDF70DFBAFE794
:1071F000E066206850E8001F21F0100140E800120E
:10720000002AF6D12068C169C943C90601D41021FA
:107210000162B4F85C102046FCF7E8FF98E7000034
:10722000C56F0008FEFFFFEF000C00582DE9F0438A
:1072300004468068E24E87B0E24B2168D4E9042717
:10724000D4F81CC010430A68002547EA0C073843ED
:10725000324002430A602068E268416821F44051EC
:10726000114341602268A1699A4201D0206A01431A
:107270009668DFF854C3D54FD54806EA0C060E438E
:1072800096602168666ACA6A22F00F023243CA62B7
:107290002268BA420ED1006800F0380018286FD07A
:1072A0007ADCB8B308286CD010286BD18BE0282882
:1072B00068D18EE0C7498A4209D1006800F0070012
:1072C00006285FD2DFE800F0507D7F818385C249C8
:1072D0008A4209D1006800F0070006287BD2DFE867
:1072E00000F0437072747678BC498A4209D1006814
:1072F00000F0070006286ED2DFE800F0366365670D
:10730000696BB7498A420BD1006800F00700062874
:1073100061D200E043E0DFE800F0275456585A5CA1
:10732000B0498A4206D1006800F0380018284CD0D5
:10733000B7DD31E0AC498A4209D1006800F00700AE
:10734000062848D2DFE800F0103D3F414345A749F9
:107350008A420BD1006800F0070006283BD2DFE824
:1073600000F0033032343638002035E0A0498A423C
:1073700009D1006800F03800182826D091DD0BE014
:1073800023E01EE027E09B498A420AD1006800F012
:107390003800182819D084DD202888D11CE001206D
:1073A0001AE09A4217D18A48001D006800F00700D1
:1073B000062810D2DFE800F0030507090B0D0220B4
:1073C0000AE0042008E0082006E0102004E0202065
:1073D00002E0402000E080208749DFF820829A42C6
:1073E000874A4FF400434FEA21174FF000064ED171
:1073F00010281AD006DC022809D004280BD008284F
:107400007ED10DE020283ED0402879D13DE0FAF72A
:1074100059FE014610E06846FAF766FE01990BE056
:1074200003A8FAF703FF049906E01068800605D563
:107430001068C0F3C100C140002970D0606A67685D
:1074400038F8102007EB4703B1FBF2F0834257D81E
:10745000B0EB073F54D8002308461946F8F7B8FFA9
:1074600002467808130E120243EA012110183A4628
:1074700071410023F8F7ACFF624AA0F540719142D8
:107480003ED821688FE03946D8E71946D6E7D4F8C8
:107490001CC04FF6EF799C4546D1082819D005DC71
:1074A00058B101280CD0042875D10DE0102815D052
:1074B000202835D040286ED134E0FBF77DFD01E077
:1074C000FBF78CFD014610E06846FAF70DFE0199C6
:1074D0000BE003A8FAF7AAFE049906E010688006FC
:1074E00004D51068C0F3C100C140C1B1636A6068CF
:1074F00038F81330B1FBF3F1490001EB500100E023
:1075000049E0B1FBF0F0A0F11001494543D84FF636
:10751000F0732168C0F342021840104343E043E097
:107520003946E3E71946E1E7082819D005DC58B1E8
:1075300001280CD004282ED10DE0102815D02028C9
:107540002BD0402827D12AE0FBF736FD01E0FBF7DE
:1075500045FD014610E06846FAF7C6FD01990BE0CB
:1075600003A8FAF763FE049906E01068800604D5C4
:107570001068C0F3C100C140B1B1636A606838F8F7
:107580001330B1FBF3F101EB5001B1FBF0F0A0F1CE
:107590001001494505D9012506E03946EDE71946B0
:1075A000EBE7216880B2C8600120A4F86A00A4F863
:1075B000680028466667A66707B0BDE8F08300004C
:1075C000F369FFCF000C0058FFF4FF1100100140D9
:1075D000544402580044004000480040004C004021
:1075E000005000400014014000780040007C004042
:1075F00000180140001C01400090D003E0F6000894
:1076000000440258FFFC0F0070B5836800248165B8
:107610004FF48056A0F85C20B342A0F85E204FF0F3
:10762000FF01446704D1036903BB40F2FF111DE071
:107630004FF07F05C3B1B3F1805F1AD0A0F860406E
:107640002221C0F89040C0F88C100168083151E840
:10765000003F43F0010341E80034002CF5D1416EB6
:10766000B1F1005F0CD02FE0036933B9A0F86010CE
:10767000E6E7016909B13F21F8E7A0F86050DFE7CC
:10768000B0F8681091421FD88168B14201D10169F8
:10769000B9B11D490269416742B1026852E8001F51
:1076A00041F4807142E80013002BF6D101680831E3
:1076B00051E8002F42F0805241E80023002BF5D121
:1076C00020E012494167F1E78168B14201D10169C7
:1076D00069B10F49026941675AB1016851E8002F49
:1076E00042F4907241E80023002BF6D10AE00949E8
:1076F0004167026852E8001F41F0200142E8001390
:10770000002BF6D1002070BD8D700008256E00089A
:10771000C56F00085D6D00082DE9F04799461746D2
:107720000D460446089E4FF0000833E0701C31D02F
:10773000FAF7CEFBA0EB0900B04218D8BEB1206822
:107740000168490726D5802D24D0402D22D0C1695B
:10775000C94309070DD4082505622046FFF7D4FA6E
:10776000C4F89050012084F88480BDE8F08703209D
:10777000FBE7C069C04300050CD421684FF40060EA
:1077800008622046FFF7C0FA2021C4F8901084F860
:107790008480ECE72068C06935EA000004D000204E
:1077A000B842C3D00020E0E70120F9E7FEE700007F
:1077B0002DE9F04305462A4891B0814200DA01469E
:1077C0004FF000094FF08043CDF830901E22CDF8E5
:1077D0002C90CDE90839C80FCDF834900029CDF8A8
:1077E0003890CDF83C9000DA49428DF818200823F3
:1077F0000A930C464FF0B80CFD268DF814608DF8F6
:10780000150029024FEA14688DF819800B2707919B
:10781000230C8DF81670210A8DF81A30114805AA2C
:107820008DF817C08DF81B1007A9F9F7EFFB05239A
:107830000A9301208DF814608DF8154000EB0522A5
:107840008DF816006B25074807A9079205AA8DF841
:1078500017908DF81850F9F7D9FB11B0BDE8F083F7
:10786000E002FFFF2002002410B503028CB04FF0AD
:10787000804405200022CDE90134CDE903200592A2
:10788000F3238DF82830AB2406926B208DF8294025
:107890008DF82A1001A98DF82C000548079208924E
:1078A00009928DF82B200AAAF9F7B0FB0CB010BD95
:1078B0002002002410B58AB00021030200930E2399
:1078C00004914FF08040019052208DF82430042222
:1078D0008DF825006B248DF826108DF827400A4C72
:1078E000CDE902120691059107910891491E206881
:1078F00000F068FC054809AA6946F9F787FB20688B
:1079000000F0BAFC0AB010BDD80000242002002408
:1079100010B58AB000210302022004914FF0804488
:1079200036228DF82420CDE90210CDE90034074835
:107930006B2309AA069105910791089169468DF874
:107940002530F9F763FB0AB010BD000020020024C7
:1079500070B58CB0002300024FF080440290CDE956
:107960000343072508930793CC0FCDE9055300295E
:1079700009930A9300DA494201EB81004000B0F517
:10798000803F01D34FF6FF70FF2A00D9FF228DF808
:107990000420F6218DF800108DF80140050A8DF8BD
:1079A00002506B268DF8030002A98DF805306A4657
:1079B00003488DF80660F9F729FB0CB070BD000094
:1079C000200200240FB4054B10B503A9044A029805
:1079D00000F03CF810BC5DF814FB0000AD7E000820
:1079E0009C0100240FB4084B10B504A902AA039807
:1079F00000F02CF8044602A9002000F052FA2046BC
:107A000010BC5DF814FB0000A37E000809070028E5
:107A10004FEA116104DB00F1E02080F800147047A8
:107A200000F00F0000F1E02080F8141D704702E024
:107A300008C8121F08C1002AFAD1704770470020F9
:107A400001E001C1121F002AFBD170472DE9FF4F51
:107A50008DB00F460546002606E025280BD0DDE94F
:107A60000F1290476D1C761C28780028F5D111B0B4
:107A70003046BDE8F08F0024A246A1460122E94924
:107A800000E0044315F8013F203B02FA03F00842EE
:107A9000F7D128782A2810D06FF02F022878A0F18B
:107AA0003001092914D80AEB8A0102EB410144F0A4
:107AB000020400EB010A6D1CF0E701CF5FEA000A47
:107AC00003D544F40054CAF1000A44F002046D1CCA
:107AD00028782E2817D115F8010F44F004042A281D
:107AE0000ED06FF02F022878A0F1300109290AD8B2
:107AF00009EB890102EB410100EB01096D1CF2E782
:107B000057F8049B6D1C28786C280FD006DC4C2895
:107B100017D068280DD06A2814D104E0742810D03A
:107B20007A280FD10DE044F400140AE044F48014E4
:107B300001E044F440146978814202D104F58014D4
:107B40006D1C6D1C28786E281ED00CDC632830D08C
:107B500004DC00288BD0582811D19FE0642867D01E
:107B600069280CD164E073282DD004DC6F2872D012
:107B7000702804D194E075286ED078286DD0DDE9A6
:107B80000F129047761C4BE1C4F30250022806D036
:107B9000032809D0042801CF09D0066040E101CFB5
:107BA000F117C0E900613BE101CF068038E10670C2
:107BB00036E117F8040B8DF8000000208DF8010065
:107BC000EB46012003E057F804BB4FF0FF3061079C
:107BD0004FF0000102D40DE008F10101884649454B
:107BE0000FDA8045F8DB1BF808100029F4D108E013
:107BF00008F1010188468142FADB1BF808100029D0
:107C0000F6D1DDE90F23AAEB08008146214600F0FA
:107C100031F9304400EB080604E0DDE90F121BF8EF
:107C2000010B9047B8F10108F7D221464846F2E02F
:107C30000A21C4F302524FF0000B0891022A04D02B
:107C400001CFC117032A09D00AE0FF1D27F007075B
:107C5000F7E8020108E02CE01EE01FE000B2C117C7
:107C6000042A01D140B2C117021E71F1000206DAE6
:107C70000023D0EB030063EB01012D2202E022057B
:107C800004D52B228DF82420012203E0E20701D045
:107C90002022F7E7904653E00A210BE0102109E08B
:107CA00010214FF0000B44F004044FF00809089134
:107CB00003E008214FF0000B0891C4F30252022A9E
:107CC00004D001CF0021032A06D006E0FF1D27F0D3
:107CD0000707F7E8020103E080B2042A00D1C0B22E
:107CE0004FF0000822072BD52A78702A07D0DDF83C
:107CF00020C08CF0100C5CEA0B0C05D00EE040228A
:107D00008DF82420012208E050EA010306D0302338
:107D10008DF824308DF8252002229046089B83F0B0
:107D2000080353EA0B030BD150EA010201D16207A9
:107D300006D530228DF824204FF00108A9F1010961
:107D40002A78582A04D038A20B9208AA0A920BE08B
:107D50003AA2F9E75B46089AF8F73AFB0B9B9B5C63
:107D60000A9A521E0A92137050EA0102F2D10A983E
:107D7000ADEB000000F1200B600702D524F4803445
:107D800001E04FF00109D94502DDA9EB0B0000E04D
:107D9000002000EB0B0141440890AAEB010AE0032C
:107DA00006D4DDE90F232146504600F063F806446F
:107DB0004FF0000908E009A911F80900DDE90F12E8
:107DC000904709F10109761CC145F4DBE0030CD5AD
:107DD000DDE90F232146504600F04CF8064404E04C
:107DE000DDE90F1230209047761C0899481E089054
:107DF0000029F5DC08E00A980A990078491C0A91E4
:107E0000DDE90F129047761CBBF10001ABF1010BCD
:107E1000F1DC21465046DDE90F2300F019F8064455
:107E20006D1C21E6092801003031323334353637F4
:107E300038396162636465660000000030313233B6
:107E40003435363738394142434445460000000056
:107E50002DE9F041044600251E461746880404D447
:107E600005E039462020B0476D1C641EF9D5284630
:107E7000BDE8F0812DE9F041044600251E469046FC
:107E8000C80301D5302700E02027880404D505E089
:107E900041463846B0476D1C641EF9D52846BDE8FA
:107EA000F0810A68531C0B601070704713B50448CA
:107EB00001224FF0FF336946FCF7A8FC00981CBD77
:107EC000740400248CB0FAF711F8FEF701FBFDF7FB
:107ED00035FAFDF7E7FAFDF7ADF9FDF791FBFDF790
:107EE000B1FAFDF731FBFDF755FB002403940226A0
:107EF000314801250894CDE90654CDE9044603A98B
:107F0000F9F7E5F803A9A80781E851002A48CDE967
:107F100006540894F9F7DBF802222748012311469A
:107F20000095F9F713F9012223481146F9F7A2F851
:107F3000FCF76EFD00210094F02308464FF48C728C
:107F4000FCF745FD1D4832234622009014215A209B
:107F5000FDF7F0F818254FF6FF76194A64210A203C
:107F60003346CDE900450294FCF7AAFE154A962156
:107F70000A203346CDE900450294FCF7A1FE4FF6F6
:107F80000746029464213346B420CDE900450EA291
:107F9000FDF7F8F896213346B4200294CDE9004568
:107FA00009A2FDF7EFF8FDF731FC00F02BF8FDF723
:107FB00077F900F03FF8FEE72002002400DA00081D
:107FC00068F6000875F600083000000070B5054638
:107FD000FCF77AFC10B16FF0050405E04FF00004E7
:107FE00015B1284601F086F8204670BD10B5FCF7A3
:107FF0006BFC18B1BDE8104001F0E6BEBDE81040D2
:1080000001F0DCBE10B5FCF75FFC10B16FF00500AD
:1080100010BD01F0C5FE012802D10549086810B164
:108020004FF0FF3010BD01220A60002010BD00009B
:108030005401002410B5FCF747FC10B16FF00500A7
:1080400010BD01F0ADFE012803D1084801680129E7
:1080500002D04FF0FF3010BD054A002182F8141DF8
:108060000221016001F014F9002010BD5401002428
:108070000BE000E02DE9F84300241E460F460546BC
:10808000FCF722FC00286FF003006FF0020816D006
:1080900015B30FB306BB00206A4639460090284648
:1080A00001F0A6FC012819D10098C0B10D494FF08C
:1080B00080500860BFF34F8FBFF36F8F0FE05DB14B
:1080C00057B132463946284601F0F4FB012806D064
:1080D00026B16FF0010402E0044600E04446204669
:1080E000BDE8F88304ED00E0F8B5002514460F461E
:1080F0000646FCF7E9FB30BB2EB327B3BCB1D4E98D
:1081000002307BB150281ED32269E2B106FB07F092
:108110006169814217D3002039460090304601F052
:108120000BFA09E078B9206968B9606958B900228A
:108130003946304601F0D6F9050004D01CB121685B
:1081400009B100F08DFF2846F8BD00002DE9F84385
:1081500000241E460F460546FCF7B6FB00286FF0CC
:1081600003006FF0020817D025B31FB316BB002021
:108170006A46034639460090284601F00FFB012865
:108180001AD10098C8B10E494FF080500860BFF373
:108190004F8FBFF36F8F10E065B15FB100233246A0
:1081A0003946284601F04AFA012806D026B16FF078
:1081B000010402E0044600E044462046BDE8F8839E
:1081C00004ED00E02DE9F04100240E4620F0010509
:1081D00000F00107FCF778FB08B1A41F17E055B1C8
:1081E000002F31466FF0010728466FF0020808D0D3
:1081F00001F00EFD07E06FF0030408E036B13C46E5
:1082000005E001F051FC0128F8D100E04446204689
:10821000BDE8F08170B500250446FCF755FB48BB6E
:108220000CB1606800E00020C10701D0012600E029
:10823000002600071ED46CB1D4E9021021B15028E9
:1082400018D31EB1042002E020B113E0012001F098
:108250003CF905E00EB1042000E0012001F02AF90C
:10826000050007D01CB1216809B100F0F9FE0EB17C
:1082700045F00105284670BD70B5002420F00105C9
:1082800000F00106FCF720FB08B1A41F14E03DB18B
:10829000002E6FF0020606D0284601F0ECFA08E046
:1082A0006FF0030408E0002328461A46194601F03F
:1082B000C5F9012800D03446204670BD2DE9FF41A4
:1082C000002514460F4606460395FCF7FDFA60BBF1
:1082D0005EB34FF080024FF018004FF000014CB336
:1082E000236803B11946A3691BB118465B1E382BDE
:1082F00002D22379DB0703D0002004B0BDE8F0816F
:10830000636903B19A08D4F808C0BCF1000F0DD01E
:10831000E5685C2D19D324693CB133B18DE81110A7
:108320003B46304601F0FCFC03900EE0E36863B985
:10833000236953B903AB92B2CDE900033B46304603
:1083400001F0BEFC012800D003950398D5E700009A
:108350002DE9F0411A4C0F460546E6682068001DDD
:1083600000F084FD681C15D1A7B116492268486841
:10837000906023688268DA6022688368121D5A6000
:108380002268121D8260206841610868401C0860F4
:10839000BDE8F08120683544B5424560216805D2CA
:1083A000E06B091DBDE8F04100F0A0BDA06B091D08
:1083B00000F09CFDA06A8542EAD2A562E8E70000D1
:1083C00000010024600A00242DE9F041054600F078
:1083D000A5FD354C354FA068401CA060206810B149
:1083E000606930B32BE02560A068012827D1002602
:1083F00006EB860007EB800000F06AFD761C382E45
:10840000F6D32B4800F064FD2948143000F060FDDD
:108410002748283000F05CFD25483C3000F058FD2E
:108420002348503000F054FD2148A0631430E0632D
:1084300005E0E86A2168C96A814200D82560606A5F
:10844000401C60626864E86A2169884200D9206142
:1084500000EB8000291D07EB80004068A86082685F
:10846000EA60826851608160E86A00EB800007EB97
:108470008001696157F82010491C47F8201000F06E
:108480006DFD606900280CD02068E96AC06A8842E6
:1084900007D208494FF080500860BFF34F8FBFF3F9
:1084A0006F8FBDE8F081000000010024B0050024BA
:1084B000100A002404ED00E038B500F02FFD104C48
:1084C0002068C8B90F4800F003FD0E48143000F0D2
:1084D000FFFC0C490020E16014312161A1F5827399
:1084E0000090A1F1B40210210A2001F025F82060CB
:1084F00010B105A100F0B4FDBDE8384000F02EBD7C
:1085000040010024640B0024546D725100000000EF
:1085100030B4026C0B46002A0BD0D0E90241114462
:10852000C160A14201D30168C160184630BCF7F7B1
:1085300080BF30BC70472DE9F041856B1746026C57
:108540000446002682B1C7B1E068F7F772FFE16820
:10855000206C2268091AE160914202D2A168081ACF
:10856000E060022F16D017E02068A8B9A06801F0DB
:10857000CBFC06460020A0600EE06068F7F759FFCC
:10858000D4E90101226C10446060884204D3206861
:10859000606001E005B16D1E6D1CA5633046BDE84D
:1085A000F08110B5044690F8590058B101280CD05C
:1085B00002280FD0502080F31188BFF34F8FBFF3F4
:1085C0006F8FFEE7206B00F0DDFC2046BDE8104019
:1085D00000F0D8BC10BD00000F484FF4705110B52A
:1085E000420706D00C49C01D20F00700411AC1F512
:1085F00070510A4C002201440839A4F1140321F0FF
:108600000701C4E900020C1A19604A600A60C0E957
:1086100000149C605C6010BD441200246C010024B6
:10862000144E4FF08058144CDFF85090A6F29C473F
:1086300012E000BF00F072FCF068C568281D00F071
:1086400015FCA068401EA0606068401E606000F0DD
:1086500085FC2846FFF7A5FF60680028EAD1386846
:108660000128F9D9C9F80080BFF34F8FBFF36F8F8E
:10867000F2E700004C0A00240001002404ED00E0B1
:10868000002807D00021816001600B460A46C160C6
:1086900000F0D4BF7047000070B51D46049C51B176
:1086A000C4F80020C4E90F010121204600F068FF52
:1086B00084F84C5070BD2460F4E72DE9F0470D4676
:1086C000994691001746DDE90984089EA522824655
:1086D000206BF7F7C0FE206B6FF0030101EB870101
:1086E000084420F00707780707D0502080F311884E
:1086F000BFF34F8FBFF36F8FFEE765B100202218E5
:10870000295C82F83410295C11B1401C1028F6D382
:10871000002084F84300382E07D3502080F31188BE
:10872000BFF34F8FBFF36F8FFEE7E662201DE66455
:1087300000F0D9FB04F1180000F0D5FB2461C6F16C
:10874000380064624A465146A061384600F03EFA5D
:10875000B8F1000F206001D0C8F80040BDE8F087F4
:1087600030B5114900E011460A688242FBD34B68DC
:108770005C18844203D14468084623444B60436834
:108780001D18954209D1084C143C2468A24209D016
:1087900052681A4442600A6812680260814200D03E
:1087A000086030BD0460F9E76C01002470B50D4D20
:1087B000914241604FF00004006106D88169D21AED
:1087C0008A4206D2011D286907E09A4203D29942E3
:1087D00001D3012403E0011DE86800F087FB204677
:1087E00070BD00004001002410B5044600F096FB67
:1087F000A06B28B15FF0000400F0B0FB204610BD74
:108800000124F9E770B506460D480D46C068C068FA
:10881000C468201D00F02AFB94F82800410705D504
:108820002A463146204600F0BBF803E000F0FE0087
:1088300084F82800216A2046BDE8704008470000FF
:108840004001002470B53A4E86B067E000980028D9
:1088500006DA019ADDE902019047009800285DDB05
:10886000029C606910B1201D00F000FB04A800F01C
:10887000B9F8054600980A2850D2DFE800F04F0505
:1088800005282B430505282B94F828002A4640F09C
:10889000010084F82800A16901980144034620469C
:1088A000FFF784FF28B394F82800410707D5019803
:1088B0002A46A1690144204600F072F803E000F066
:1088C000FE0084F82800216A2046884726E094F8B4
:1088D00028001FE094F8280040F0010084F82800E8
:1088E0000198A06130B141192B461A462046FFF786
:1088F0005DFF13E0502080F31188BFF34F8FBFF36B
:108900006F8FFEE794F82800810703D4204600F01B
:1089100039FB03E000F0FE0084F8280030680022F4
:10892000694600F0C7FF002890D106B070BD000076
:1089300040010024F8B50D46064600F0EBFC684601
:1089400000F050F80446009810B101F0EFFBF8BDBC
:108950001148ADB101690968D9B100250068311B22
:108960002A4600F0A5FB01F0E1FB0028EFD10B49FE
:108970004FF080500860BFF34F8FBFF36F8FF8BD8B
:10898000A642EBD801F0D2FB21463046FFF73AFF72
:10899000F8BD0125E2E700004001002404ED00E0FD
:1089A00070B516460C46054604E0A869296A0444D9
:1089B00028468847A8692346324601192846FFF70A
:1089C000F5FE0028F1D170BD0548816B096821B121
:1089D000816BC9680968816270474FF0FF31FAE71F
:1089E000000100242DE9F041064601F0E7F90E4CA4
:1089F0000546A068854214D24FF0FF3704E0C068F6
:108A000039460068FFF7FEFEE06801680029F6D1EC
:108A10002169C4E90310012030602846A560BDE843
:108A2000F0810020F8E70000400100240848406879
:108A3000401C4FF0500080F3118804D0BFF34F8FDB
:108A4000BFF36F8FFEE7BFF34F8FBFF36F8FFEE76C
:108A500074010024074CE068016841B1C06800213E
:108A6000D0F80000FFF766FFFFF7ECFEF3E7012107
:108A70000020F7E7400100242DE9F041044600F012
:108A80004DFA94F9455004F1240609E0606A48B1B2
:108A9000304601F0DDFA08B100F05AFB6D1E6DB2F0
:108AA000002DF3DC4FF0FF3684F8456000F056FAF5
:108AB00000F034FA94F9445004F1100709E02069F9
:108AC00048B1384601F0C4FA08B100F041FB6D1E10
:108AD0006DB2002DF3DC84F84460BDE8F04100F095
:108AE0003DBA00002DE9F0410027044600F012FCD9
:108AF0002F4E306808B9FFF76FFDACB314F1090FC2
:108B000047D80834600707D004F00700C0F1080018
:108B1000C1438C423DD80444002C3ADD7068844245
:108B200037D82348143001460D6801E028460D4629
:108B30006968A14202D229680029F7D131688D42C3
:108B400027D007682968016008376868011B102969
:108B50000FD92819420708D0502080F31188BFF39D
:108B60004F8FBFF36F8FFEE713E041606C60FFF73C
:108B7000F7FD69687068401A7060B268904200D270
:108B8000B06041F000410020C5E90001F068401CE0
:108B9000F06001F0CBFA780707D0502080F31188FD
:108BA000BFF34F8FBFF36F8FFEE73846BDE8F0810C
:108BB000580100240449086818B10868026D521C65
:108BC00002650868704700000001002470B5041FAA
:108BD000094E231F4FF0807521F0010125601C1FF5
:108BE0001960A0F120010B1F266044380A606FF065
:108BF00002051D6070BD00002D8A00080149087043
:108C00007047000000000024014880ED020A704710
:108C100000000024014880ED010A70470000002494
:108C200010B5FFF7E3F939499FED390A4A69821A0D
:108C300000EE902AF8EE600A60EE800AF5EEC00AB7
:108C4000F1EE10FA04D910EE902A324B9A4201DD6F
:108C5000F0EE400A486108789FED2F0A00284CD1B9
:108C60004878401CC0B24870052846D300204870A0
:108C70002A4891ED022AB2EE091A90ED000AF3EEAD
:108C8000091A32EE400AB4EEC10AF1EE10FA02DD22
:108C900030EE610A08E0BAEE091AB4EEC10AF1EE4C
:108CA00010FA01D230EE210AB1EE081A1C4B1D4A0F
:108CB00020EE011A11EE100A984202DD9FED1A1AF9
:108CC00005E011EE100A904201D99FED181AF6EE58
:108CD000001A81ED011A91ED061A81ED060A144B76
:108CE00030EE411A134A81EE200A20EE210A10EEDE
:108CF000100A984202DDB3EE020A10BD10EE100A0F
:108D00009042FAD9BBEE020A10BD00000000002418
:108D10006F12833ACDCCCC3D00000000A0010024AE
:108D200000003442000034C200003442000034C26B
:108D300000009041000090C110B5FFF757F941497C
:108D4000DFED410A414ACB69C31A00EE103AB8EE92
:108D5000400A20EE200AB5EEC00AF1EE10FA03D95F
:108D600010EE103A934201DDB0EE600AC8619FED4B
:108D7000383A91ED041A3848DFED361A21EE031A1D
:108D8000D0ED010A00EEA11A81ED041AD1ED010A1D
:108D9000F5EEC00AF1EE10FA30EEC11AF1EE601AEB
:108DA00070FEA11A11EE900AB5EEC01AF1EE10FA9B
:108DB000B1EE412A31FE022A904203DADFED272A82
:108DC000C1ED032A12EE100AB0F17C5F09DB9FEDC2
:108DD000242A61EE022A91ED032A02EE802A81ED17
:108DE000032A204AC868B3EE022A904201DD81EDD1
:108DF000032A1D4BC868FBEE022A984201D9C1ED37
:108E0000032A91ED030A11EE900A01EE030AB0F174
:108E1000804FB0EE401A05DDB0EE600AF7F7C2FDF4
:108E200030EE011A11EE100A904202DDB0EE421A45
:108E300005E011EE100A984201D9B0EE621AB0EEC8
:108E4000410A10BD000000246F12833ACDCCCC3D06
:108E50009A99193FCDCCCC3EA0010024000000001F
:108E6000CDCC4C3D00009041000090C1D0E90132D2
:108E700001699A60D0E901235A604A68824201D1AF
:108E800082684A60002202610868401E0860086823
:108E9000704700000148806870470000000100240E
:108EA00010B5044C8023046004F15C00086013607A
:108EB00010BD00008C0B002410B5044C4FF48073DF
:108EC000046004F15C000860136010BDE80D00242C
:108ED0004FF0FF3300F108010022C0E901130260E6
:108EE000C1600161704700210161704730B50B68B6
:108EF0005A1C02D000F1080202E0026904E0224696
:108F0000546825689D42FAD953684B6099608A601D
:108F1000516008610168491C016030BD502080F338
:108F20001188BFF34F8FBFF36F8F0A494868401C09
:108F3000486001280CD10848006810F0FF0F07D0E6
:108F4000502080F31188BFF34F8FBFF36F8FFEE780
:108F5000704700007401002404ED00E008494868EF
:108F600028B1401E486001D180F31188704750201D
:108F700080F31188BFF34F8FBFF36F8FFEE70000C0
:108F80007401002470B500282AD0A0F1080460689C
:108F9000002807DB502080F31188BFF34F8FBFF309
:108FA0006F8FFEE7216839B1502080F31188BFF33D
:108FB0004F8FBFF36F8FFEE720F00040606000F03E
:108FC000A9F9084D60686968084468602046FFF7A1
:108FD000C7FB2869401C2861BDE8704001F0A6B8B5
:108FE00070BD0000580100244FF0E0200021016115
:108FF0004FF47A728161072303490968B1FBF2F1EA
:10900000491E416103617047F800002410B5F7F76D
:10901000C5F9114910280ED300F1E0200A7890F824
:10902000F003904207D2502080F31188BFF34F8F96
:10903000BFF36F8FFEE709488968006800F4E060BD
:10904000884207D9502080F31188BFF34F8FBFF3B8
:109050006F8FFEE710BD0000740100240CED00E0EE
:1090600070B54FF0000258B100291DD00F4C0023FD
:1090700004EBC3056E6886420AD104EBC3020FE01D
:10908000502080F31188BFF34F8FBFF36F8FFEE73F
:109090001AB954F8336006B92A465B1C082BE7D38B
:1090A000002A01D0C2E9001070BD00007005002444
:1090B00070B515460E460446FFF730FF94F944108C
:1090C0000020491C01D184F8440094F94510491C42
:1090D00001D184F84500FFF741FFA06B28B904F1E6
:1090E00024002A46314600F051F82046BDE8704081
:1090F000FFF7C2BC020010B514D00F48406B38B166
:10910000502080F31188BFF34F8FBFF36F8FFEE7BE
:1091100000F000F900211046FFF71AF901F006F8F7
:10912000002807D105494FF080500860BFF34F8FEA
:10913000BFF36F8F10BD00000001002404ED00E0BC
:1091400002490A6A0260C968416070470001002450
:1091500001490120C86170470001002410B50C4688
:1091600050B1094909681831FFF7C0FE2046BDE833
:1091700010400121FFF7ECB8502080F31188BFF3B5
:109180004F8FBFF36F8FFEE700010024F0B40C4651
:10919000D0B111490D684368EB619D680E68356276
:1091A0000D689E68183575600D6818359D600968F2
:1091B00088620168491C01600AB14FF0FF34114612
:1091C0002046F0BCFFF7C4B8502080F31188BFF3ED
:1091D0004F8FBFF36F8FFEE70001002470B50028AA
:1091E00004464FD0226DA2B1E06C884200D3014604
:1091F000E06A884246D0012A44D1234E3268944224
:109200000FD1502080F31188BFF34F8FBFF36F8FC2
:10921000FEE7502080F31188BFF34F8FBFF36F8FAD
:10922000FEE7A269E162002A02DBC1F13801A16117
:10923000164D00EB8000616905EB8000814221D171
:10924000201DFFF713FEE06A3169884200D93061C2
:1092500000EB8000211D05EB80004068A060826863
:10926000E260826851608160E06A00EB800005EB9B
:1092700080006061E06A00EB800055F82010491C16
:1092800045F8201070BD000000010024B005002446
:1092900030B587B0002405AA04A9039403A8049458
:1092A000FFF7FEFDDDE9030100940023CDE9011085
:1092B000164814A1059A00F033FD154DE862A8B1D7
:1092C00000F0D4FF012802D0401C12D00EE0502044
:1092D00080F31188BFF34F8FBFF36F8F01204FF0E2
:1092E000FF31A9626861EC6000F04EF8286B07B0AE
:1092F00030BD502080F31188BFF34F8FBFF36F8FC5
:10930000FEE7000049444C450000000021860008AB
:10931000000100240248416B491C41637047000072
:1093200000010024164810B5416B11B10121C16143
:1093300010BD0021C1611349026901E0BAB1521E9A
:1093400002EB820351F82330002BF7D002EB8203AB
:1093500001EB830101F108044B685B684B60A34299
:1093600001D1CB684B60D9680160026110BD50200B
:1093700080F31188BFF34F8FBFF36F8FFEE70000BC
:1093800000010024B00500243A483EB53A4902687D
:109390008A4207D1502080F31188BFF34F8FBFF36B
:1093A0006F8FFEE734490068491E884207D150207C
:1093B00080F31188BFF34F8FBFF36F8FFEE72F4805
:1093C00000250195FF2102788DF8082001700178B1
:1093D0002B4C8DF800109DF8001011F050012170F9
:1093E0000CD09DF800205021914316D0502080F3DE
:1093F0001188BFF34F8FBFF36F8FFEE7502080F3CC
:109400001188BFF34F8FBFF36F8FFEE7491C0191A7
:109410009DF8001049008DF800109DF80010090615
:109420000199F3D4082922D0C1F10701A160217A62
:10943000090201F4E061A1609DF8081001700D4877
:109440002030016841F47F010160016841F07F41F3
:109450000160FFF7C9FD6560F6F768FF094801681C
:1094600041F040410160F6F74DFF00203EBDA56090
:10947000DDE7000000ED00E071C20F4100E400E014
:109480007401002434EF00E0502010B580F31188FF
:10949000BFF34F8FBFF36F8F00F09EFC18B10449EC
:1094A0004FF080500860002080F3118810BD00004C
:1094B00004ED00E000210246012010B500F012F892
:1094C0000446FFF7DDF8204610BD38B500220B46F4
:1094D00011460090012000F02FF80446FFF7D0F865
:1094E000204638BDF8B5050017460E461CD04FF093
:1094F000FF30B0FBF5F0B04216D305FB06F010F1DB
:10950000510F11D85030FFF7EDFA04000AD00020B7
:1095100084F8460004F150023B4631462846009448
:10952000FFF7BAF82046F8BD502080F31188BFF34A
:109530004F8FBFF36F8FFEE7F8B5069D1BB158B193
:109540004AB189B908E0502080F31188BFF34F8FEA
:10955000BFF36F8FFEE739B1502080F31188BFF35E
:109560004F8FBFF36F8FFEE750241C46012683F810
:10957000466000932B46FFF78FF82046F8BD0000A9
:109580002DE9F05F04008A464FF0010B32D0E06B0A
:1095900078B34FF0FF39226CB9FBF0F0904242D320
:1095A000FFF7BCFC21680025D4E90F23D4F840C0A4
:1095B00004F1100810460E46401EA56302FB03127C
:1095C00000FB0C10BAF1000F666084F8449084F838
:1095D0004590C4E9022015D04046FFF779FC04F11C
:1095E0002400FFF775FC00BFFFF7B8FC5846BDE844
:1095F000F09F18E0502080F31188BFF34F8FBFF326
:109600006F8FFEE720690028EED0404600F020FD75
:109610000028E9D008494FF080500860BFF34F8F11
:10962000BFF36F8FE0E7502080F31188BFF34F8FB7
:10963000BFF36F8FFEE7000004ED00E02DE9FF4768
:1096400004001D4682B08A464FF0000803D0BAF1EC
:10965000000F08D011E0502080F31188BFF34F8F26
:10966000BFF36F8FFEE7206C38B1502080F3118874
:10967000BFF34F8FBFF36F8FFEE7022D0AD1E06B70
:10968000012807D0502080F31188BFF34F8FBFF31C
:109690006F8FFEE700F084FB3F4F4FF080564FF096
:1096A000000948B9049838B1502080F31188BFF3FD
:1096B0004F8FBFF36F8FFEE7FFF730FCA06BE16BBE
:1096C000884207D3022D05D00498D0B1B8F1000F1D
:1096D0001AD01EE02A4651462046FEF72CFF616A4A
:1096E00019B104F1240000F0B3FC20B13E60BFF3D7
:1096F0004F8FBFF36F8FFFF731FC012006B0BDE83D
:10970000F087FFF72BFC22E06846FFF719FD4FF0CA
:109710000108FFF723FCFFF7FDFDFFF7FFFB94F9BE
:109720004400401C01D184F8449094F94500401C49
:1097300001D184F84590FFF711FC04A9684600F0B8
:1097400085FA30B12046FFF797F900F0EFFC0020D2
:10975000D4E7FFF7E3FBA06BE16B884213D1FFF77F
:10976000FDFB049904F11000FFF7F8FC2046FFF719
:1097700083F900F0DBFC00289ED13E60BFF34F8FE1
:10978000BFF36F8F98E7FFF7E9FB2046FFF774F907
:1097900000F0CCFC90E7000004ED00E02DE9F0477C
:1097A00004001F469046894603D0B9F1000F08D047
:1097B00011E0502080F31188BFF34F8FBFF36F8FFC
:1097C000FEE7206C38B1502080F31188BFF34F8F33
:1097D000BFF36F8FFEE7022F0AD1E06B012807D09D
:1097E000502080F31188BFF34F8FBFF36F8FFEE7D8
:1097F000FFF70CFC5020EFF3118680F31188BFF3C4
:109800004F8FBFF36F8FA06BE16B884206D3022F9F
:1098100004D0002086F31188BDE8F08794F9455004
:10982000A06B3A4649462046FEF785FE681C0AD0E2
:10983000FFF730FB854204D27F2D14D06D1C84F8D5
:1098400045500120E6E7606A0028FAD004F12400C0
:1098500000F0FEFB0028F4D0B8F1000FF1D0012198
:10986000C8F80010EDE7502080F31188BFF34F8F48
:10987000BFF36F8FFEE710B5040009D000F08AFA3D
:10988000A168884214D1E068401EE06008D00DE075
:10989000502080F31188BFF34F8FBFF36F8FFEE727
:1098A000002320461A461946FFF7C8FE012010BDC6
:1098B000002010BD2DE9F74704008A4683B04FF021
:1098C000000603D0BAF1000F08D011E0502080F359
:1098D0001188BFF34F8FBFF36F8FFEE7206C38B155
:1098E000502080F31188BFF34F8FBFF36F8FFEE7D7
:1098F00000F056FADFF8F4804FF080574FF000097F
:1099000048B9059838B1502080F31188BFF34F8FC4
:10991000BFF36F8FFEE7FFF701FBA56BC5B15146A3
:109920002046FEF7F5FD6D1EA563206950B104F1D8
:10993000100000F08DFB28B1C8F80070BFF34F8F06
:10994000BFF36F8FFFF70AFB012006B0BDE8F08779
:10995000059808B11EB106E0FFF700FB27E0684656
:10996000FFF7EEFB0126FFF7F9FAFFF7D3FCFFF74D
:10997000D5FA94F94400401C01D184F8449094F93C
:109980004500401C01D184F84590FFF7E7FA05A98E
:10999000684600F05BF9002820460AD0FFF76CF813
:1099A00000F0C4FB2046FEF71FFF0028B3D00020C4
:1099B000CBE7FEF719FF90B1059904F12400FFF7FA
:1099C000CDFB2046FFF758F800F0B0FB0028A2D1ED
:1099D000C8F80070BFF34F8FBFF36F8F9BE720462F
:1099E000FFF74AF800F0A2FB95E7000004ED00E065
:1099F0002DE9F04704009046894603D0B9F1000FE5
:109A000008D011E0502080F31188BFF34F8FBFF3CF
:109A10006F8FFEE7206C38B1502080F31188BFF3C0
:109A20004F8FBFF36F8FFEE7FFF7F0FA5020EFF391
:109A3000118680F31188BFF34F8FBFF36F8FA76B31
:109A40006FB394F9445049462046FEF761FD681C07
:109A5000A7F10107A7630AD0FFF71CFA854204D2D9
:109A60007F2D14D06D1C84F84450012018E020692B
:109A70000028FAD004F1100000F0EAFA0028F4D02F
:109A8000B8F1000FF1D00121C8F80010EDE7502027
:109A900080F31188BFF34F8FBFF36F8FFEE7002075
:109AA00086F31188BDE8F0872DE9F3434FF00006F7
:109AB0000400354683B009D0206C78B1502080F383
:109AC0001188BFF34F8FBFF36F8FFEE7502080F3F5
:109AD0001188BFF34F8FBFF36F8FFEE700F060F97F
:109AE000DFF828814FF080574FF0000948B90498FB
:109AF00038B1502080F31188BFF34F8FBFF36F8FC1
:109B0000FEE7FFF70BFAA06BC8B12168401EA06307
:109B100011B9FFF74FF8A060206950B104F11000AF
:109B200000F096FA28B1C8F80070BFF34F8FBFF36A
:109B30006F8FFFF713FA012005B0BDE8F08304989A
:109B400008B11EB106E0FFF709FA5DE06846FFF7CD
:109B5000F7FA0126FFF702FAFFF7DCFBFFF7DEF961
:109B600094F94400401C01D184F8449094F94500D4
:109B7000401C01D184F84590FFF7F0F904A968462C
:109B800000F064F80028204612D0FEF775FF00F0C0
:109B9000CDFA2046FEF728FE0028B2D09DB3FFF78D
:109BA000BDF9606A50B3206B0068C0F1380126E04F
:109BB000FEF71AFEE0B1206838B9FFF7AFF9A068E8
:109BC00000F0F6F90546FFF7C9F9049904F12400FD
:109BD000FFF7C4FA2046FEF74FFF00F0A7FA00286F
:109BE0008FD1C8F80070BFF34F8FBFF36F8F88E736
:109BF0002046FEF741FF00F099FA82E70021A068B5
:109C0000FFF7ECFA9FE7FFE7002095E704ED00E09F
:109C100070B504000D4607D000F0BCF8A16888427A
:109C20000AD1E16801200EE0502080F31188BFF3D3
:109C30004F8FBFF36F8FFEE729462046FFF734FFB3
:109C4000002802D0E168491CE16070BD2DE9F041B7
:109C500005000C461BD014B3FFF760F9174E2068BF
:109C6000F268471C6B68A2EB03010ED02F68D6F890
:109C700020C00026674501D0934218D9884216D9E2
:109C8000401A20602846FFF75BFA002511E05020BB
:109C900080F31188BFF34F8FBFF36F8FFEE7502023
:109CA00080F31188BFF34F8FBFF36F8FFEE701255D
:109CB0002660FFF753F92846BDE8F0810001002433
:109CC0002DE9FF5F994616468A4683469000DDE9F6
:109CD0000E87FEF707FF05001FD05C20FEF702FF8E
:109CE000040017D05C21F6F7BDFB0020256384F843
:109CF00059004B46CDE90087CDE902403246514636
:109D00005846FEF7DAFC2046FEF75EFB012004B061
:109D1000BDE8F09F2846FFF735F94FF0FF30F6E732
:109D20002DE9F04786B01F46904689468246DDE918
:109D30000F540E9EEDB124B35C20009001462046E6
:109D4000F6F790FB2563022084F85900002104AA4D
:109D5000009603913B46CDE90124424649465046D0
:109D6000FEF7ABFC2046FEF72FFB049806B0BDE8DB
:109D7000F087502080F31188BFF34F8FBFF36F8FB0
:109D8000FEE7502080F31188BFF34F8FBFF36F8F32
:109D9000FEE7000001480068704700000001002451
:109DA0000548416919B1406B18B100207047012086
:109DB0007047022070470000000100240148C0687D
:109DC000704700000001002410B5FFF71FF901489B
:109DD000C06810BD000100242DE9F047484C606BBD
:109DE000002628B1A069401CA0613046BDE8F0877C
:109DF000E5686D1CE56013D1A06B006838B1502098
:109E000080F31188BFF34F8FBFF36F8FFEE7A06B16
:109E1000E16BA163E063206A401C2062FEF7D4FD81
:109E20003848A16A8D420FD34FF00009A16B096831
:109E300039B1A16BC968C9684A68954212D2A26259
:109E400002E04FF0FF31A1622168C96A01EB810194
:109E500050F82100012800D90126E0690028C4D06B
:109E60000126C2E7D1E902734A6901F10408BB6027
:109E7000D1E902377B605368434501D1CB68536019
:109E8000C1F8149013685B1E13608A6A9AB1D1E915
:109E9000077C01F11803C7F808C0D1E9077CCCF8AA
:109EA000047057689F4201D10B6A5360C1F8289033
:109EB00013685B1E1360CA6A23699A4200D9226143
:109EC00002EB820200EB820252688A609368CB60E8
:109ED0009368C3F80480C2F80880CA6A02EB820261
:109EE00000EB82034B6150F822305B1C40F82230BB
:109EF0002268C96AD26A914298D9012696E7000081
:109F000000010024B005002470B504464FF00001A4
:109F1000F0B3254D2868844207D0502080F3118883
:109F2000BFF34F8FBFF36F8FFEE7206D38B1E36C47
:109F3000401EE26A20659A4233D040B131E05020A1
:109F400080F31188BFF34F8FBFF36F8FFEE7201DA3
:109F5000FEF78CFFE06CC0F13801A161E062296975
:109F6000884200D9286100EB8000104A211D02EBD5
:109F700080004068A0608368E36083685960816006
:109F8000E06A00EB800002EB80006061E06A00E0C4
:109F900007E000EB800052F82010491C42F8201026
:109FA0000121084670BD000000010024B005002416
:109FB00070B5002804464FF000003ED0224DE16A03
:109FC0002A68D26A914239D2A069002804DB286845
:109FD000C06AC0F13800A0611C4E01EB81016069CC
:109FE00006EB8101884224D1201DFEF73FFF28683F
:109FF000C06AE0622969884200D9286100EB8000CC
:10A00000211D06EB80004068A0608268E2608268E3
:10A0100051608160E06A00EB800006EB80006061C7
:10A02000E06A00EB800056F82010491C46F820102A
:10A0300002E02868C06AE062012070BD2968E26C15
:10A04000C96A8A42F8D370BD00010024B00500241B
:10A0500030B5C068C06850B3D0E90732816A9A60F1
:10A06000D0E907235A6000F118034A689A4201D1E7
:10A07000026A4A60002484620A68521E0A60284903
:10A080004A6BE2B1274C6268C261956805629568C7
:10A090006B60936084622268521C2260C06A0A6806
:10A0A000D26A904239D90122CA61104630BD50208F
:10A0B00080F31188BFF34F8FBFF36F8FFEE7D0E9B6
:10A0C00002534269AB60D0E902356B60031D5568ED
:10A0D0009D4201D1C568556044611468641E1460D6
:10A0E000C26A0C69A24200D90A6102EB82020E4CDC
:10A0F00004EB8202526882609568C56095686B6067
:10A100009360C26A02EB820204EB8203436154F85B
:10A1100022305B1C44F82230C0E7002030BD000034
:10A1200000010024380A0024B00500242DE9F0477E
:10A13000DFF82881D8F834000024254650B1FEF716
:10A14000EDFED8F83400401EC8F83400D8F83400CA
:10A1500040B17EE0502080F31188BFF34F8FBFF3F2
:10A160006F8FFEE73E480126D8F808104FF000092F
:10A17000F1BB6EE0C168CC68D4E90732A16A9A608D
:10A18000D4E907235A6004F118024B68934201D1C5
:10A19000226A4A604A46C4F828900B685B1E0B602E
:10A1A000D4E9027C6169231DC7F808C0D4E9027CA8
:10A1B000CCF804704F689F4201D1E7684F6062613C
:10A1C0000A68521E0A60E16AD8F81020914201D94B
:10A1D000C8F8101001EB8101224A02EB81014968A5
:10A1E000A1608F68E7608F687B608B60E16A00E048
:10A1F00011E001EB810102EB8103636152F8213030
:10A200005B1C42F82130D8F80020E16AD26A914202
:10A2100001D9C8F81C6001680029ABD10CB1FEF768
:10A22000D3FBD8F8184044B1FFF7D6FD08B1C8F801
:10A230001C60641EF8D1C8F81890D8F81C0040B112
:10A24000094901254FF080500860BFF34F8FBFF3DD
:10A250006F8FFEF783FE2846BDE8F08700010024DB
:10A26000380A0024B005002404ED00E010B586B0E3
:10A27000FEF722F9114C2068B8B10020039005AA1E
:10A28000049004A903A8FEF717FEDDE903210220CC
:10A2900000238DE807000C4809A1059AFFF740FD4F
:10A2A000606010B106B0012010BD502080F311880D
:10A2B000BFF34F8FBFF36F8FFEE700004001002414
:10A2C000546D722053766300558A00080000000028
:10A2D000000000000000000000000404040404006A
:10A2E0000004000014140A00000000000000000038
:10A2F00000000A0A1F0A0A1F0A0A000000040E15BD
:10A3000005060C14150E0400000012150D152E2C58
:10A310002A1200000000040A0A361515291600004A
:10A320000202010000000000000000001008080404
:10A3300004040404080810000204040808080808BB
:10A340000404020000000004150E0E1504000000B5
:10A3500000000008083E080800000000000000009F
:10A36000000000000202010000000000003F0000A9
:10A3700000000000000000000000000000020000DB
:10A3800000201010080804040202010000000E1151
:10A3900011111111110E0000000004060404040440
:10A3A000040E000000000E1111080402011F00003D
:10A3B00000000E11100C1010110E00000000080C0F
:10A3C0000C0A091F081C000000001F01010F1110DA
:10A3D000110E000000000C12010D1311110E0000EF
:10A3E00000001E10080804040404000000000E1100
:10A3F000110E1111110E000000000E11111916108E
:10A400000906000000000000040000000004000035
:10A410000000000000040000000404000000100818
:10A420000402020408100000000000003F003F008A
:10A4300000000000000002040810100804020000E0
:10A4400000000E11110804040004000000001C228A
:10A45000292D2D1D221C0000000004040C0A0A1ED8
:10A460001233000000000F12120E1212120F000021
:10A4700000001E1101010101110E000000000F1269
:10A4800012121212120F000000001F120A0E0A020E
:10A49000121F000000001F120A0E0A02020700002D
:10A4A00000001C1201013911120C000000003312CF
:10A4B000121E12121233000000001F0404040404D0
:10A4C000041F000000003E080808080808080907E3
:10A4D000000037120A060A121237000000000702B5
:10A4E00002020202223F000000003B1B1B1B15154D
:10A4F0001535000000003B1216161A1A121700003C
:10A5000000000E1111111111110E000000000F12A8
:10A51000120E02020207000000000E1111111117A5
:10A52000190E180000000F12120E0A121237000046
:10A5300000001E1101060810110F000000001F1579
:10A5400004040404040E000000003312121212125C
:10A55000120C000000003312120A0A0C040400005E
:10A560000000151515150E0A0A0A000000001B0A46
:10A570000A04040A0A1B000000001B0A0A0A040459
:10A58000040E000000001F0908040402121F00004E
:10A590001C0404040404040404041C000002020457
:10A5A00004040808081010000E0808080808080825
:10A5B00008080E00040A000000000000000000006F
:10A5C00000000000000000000000003F0204000046
:10A5D000000000000000000000000000000C121C41
:10A5E000123C000000030202020E1212120E0000C2
:10A5F00000000000001C1202120C000000181010D5
:10A60000101C1212123C000000000000000C121E70
:10A61000021C000000182404041E0404041E000090
:10A6200000000000003C120C021C221C000302026D
:10A63000020E121212370000000404000006040487
:10A64000040E000000080800000C080808080807AD
:10A6500000030202021A0A060A130000000704049B
:10A6600004040404041F000000000000000F15157E
:10A670001515000000000000000F12121237000034
:10A6800000000000000C1212120C0000000000007C
:10A69000000F1212120E020700000000001C12121E
:10A6A000121C103800000000001B06020207000008
:10A6B00000000000001E020C101E0000000000043C
:10A6C000041E0404041C000000000000001B121201
:10A6D000123C000000000000001B0A0A04040000F5
:10A6E000000000000015150E0A0A0000000000001E
:10A6F000001B0A040A1B00000000000000331212B5
:10A700000C08040300000000001E0804041E0000E2
:10A7100018080808080C080808081800080808089D
:10A7200008080808080808080604040404080404C3
:10A7300004040600160900000000000000000000EC
:10A740000000000000000000000000000000000009
:10A750000000000808080808080800001818000091
:10A7600000486C24120000000000000000000000FF
:10A770000000002424247F1212127F121212000003
:10A780000000081C2A2A0A0C1828282A2A1C080853
:10A7900000000022251515152A5854545422000093
:10A7A0000000000C1212120A76252911916E000089
:10A7B0000006060403000000000000000000000086
:10A7C0000040201010080808080808101020400059
:10A7D00000020408081010101010100808040200ED
:10A7E0000000000008086B1C1C6B0808000000003B
:10A7F00000000000080808087F080808080000009A
:10A800000000000000000000000000000606040335
:10A810000000000000000000FE000000000000003A
:10A82000000000000000000000000000060600001C
:10A83000000080404020201010080804040202009C
:10A8400000000018244242424242424224180000C2
:10A85000000000080E08080808080808083E000064
:10A860000000003C4242422020100804427E0000CA
:10A870000000003C4242201820404042221C0000C0
:10A88000000000203028242422227E20207800008E
:10A890000000007E0202021A26404042221C0000F4
:10A8A000000000382402021A264242422418000006
:10A8B0000000007E22221010080808080808000086
:10A8C0000000003C4242422418244242423C000024
:10A8D000000000182442424264584040241C0000FA
:10A8E0000000000000001818000000001818000008
:10A8F000000000000000000800000000000808043C
:10A90000000000402010080402040810204000004D
:10A910000000000000007F0000007F000000000039
:10A92000000000020408102040201008040200006B
:10A930000000003C42424640201010001818000061
:10A940000000001C225A555555552D42221C00006E
:10A950000000000808181414243C224242E70000BA
:10A960000000001F2222221E22424242221F00001B
:10A970000000007C4242010101010142221C000052
:10A980000000001F2242424242424242221F000077
:10A990000000003F4212121E12120242423F00000B
:10A9A0000000003F4212121E1212020202070000B3
:10A9B0000000003C2222010101712122221C000022
:10A9C000000000E7424242427E42424242E700002B
:10A9D0000000003E0808080808080808083E0000B3
:10A9E0000000007C10101010101010101010110F2B
:10A9F0000000007722120A0E0A12122222770000AB
:10AA0000000000070202020202020202427F00006E
:10AA100000000077363636362A2A2A2A2A6B0000AA
:10AA2000000000E346464A4A525252626247000022
:10AA30000000001C2241414141414141221C0000D3
:10AA40000000003F424242423E0202020207000072
:10AA50000000001C2241414141414D53321C600025
:10AA60000000003F4242423E1212222242C7000032
:10AA70000000007C4242020418204042423E000096
:10AA80000000007F4908080808080808081C0000A2
:10AA9000000000E74242424242424242423C000041
:10AAA000000000E742422224241414180808000081
:10AAB0000000006B494949495555362222220000C1
:10AAC000000000E7422424181818242442E700005C
:10AAD000000000772222141408080808081C00004F
:10AAE0000000007E2120101008040442423F0000B4
:10AAF0000078080808080808080808080808780006
:10AB00000000020204040808081010202020404021
:10AB1000001E1010101010101010101010101E0039
:10AB200000384400000000000000000000000000A9
:10AB3000000000000000000000000000000000FF16
:10AB400000060800000000000000000000000000F7
:10AB5000000000000000003C4278444242FC00003B
:10AB6000000000030202021A26424242261A000096
:10AB700000000000000000384402020244380000D7
:10AB800000000060404040784442424264D80000E7
:10AB9000000000000000003C427E0202423C000037
:10ABA000000000F08808087E08080808083E000039
:10ABB000000000000000007C22221C023C42423CBB
:10ABC000000000030202023A4642424242E700000D
:10ABD0000000000C0C00000E08080808083E0000E9
:10ABE0000000003030000038202020202020221ECD
:10ABF0000000000302020272120A161222770000FD
:10AC00000000000E0808080808080808083E0000B0
:10AC1000000000000000007F9292929292B7000024
:10AC2000000000000000003B4642424242E70000B4
:10AC3000000000000000003C42424242423C000052
:10AC4000000000000000001B26424242221E0207B4
:10AC5000000000000000007844424242447840E096
:10AC600000000000000000774C040404041F0000F2
:10AC7000000000000000007C42023C40423E000018
:10AC8000000000000008083E08080808083000001E
:10AC900000000000000000634242424262DC00000B
:10ACA00000000000000000E742242414080800000F
:10ACB00000000000000000EB494955552222000029
:10ACC000000000000000007624181818246E000010
:10ACD00000000000000000E74224241418080807C0
:10ACE000000000000000007E22100808447E0000E2
:10ACF00000C0202020202010202020202020C00064
:10AD00001010101010101010101010101010101043
:10AD100000060808080808100808080808080600BF
:10AD20000C32C20000000000000000000000000023
:10AD30000000000000000000000000000000000013
:10AD40000000000000000000000000000000000003
:10AD500000000000000000000000000000000000F3
:10AD60000000000000000000600060006000600063
:10AD70006000600060004000200020002000000013
:10AD800000000000600060006000000000000000A3
:10AD9000000000006006600630039801880044004F
:10ADA00000000000000000000000000000000000A3
:10ADB0000000000000000000000000000000000093
:10ADC000000000000000000010021002100210023B
:10ADD000FE07FE0708020801080108010801FE0736
:10ADE000FE0704010401040104010000000000004A
:10ADF00000000000000040004000F00158034C0338
:10AE0000CC034C0058007000E000C001C0014003BA
:10AE10004C035C034C034801F0004000400000007C
:10AE200000000000000000000E010A0191009100E6
:10AE30009100510051003A00AE03A00250045004AA
:10AE40004804480448048402840300000000000011
:10AE5000000000000000000038006C006C006C0076
:10AE60006C006C002C0098071C011A01330133019F
:10AE70006301E300C308C6093C07000000000000AE
:10AE8000000000000C001C0010001000080004006E
:10AE900000000000000000000000000000000000B2
:10AEA00000000000000000000000000000000000A2
:10AEB000000000000004000200018000800040004B
:10AEC0004000200020002000200020002000200062
:10AED00040004000800080000001000200040000EB
:10AEE0000000000002000400080010001000200014
:10AEF0002000400040004000400040004000400072
:10AF000020002000100010000800040002000000D3
:10AF10000000000000000000000000004000C00031
:10AF20004000460C4E0FD001F0015E0F460C400071
:10AF30004000400000000000000000000000000091
:10AF400000000000000000000000000000004000C1
:10AF50004000400040004000FE0F40004000400024
:10AF60004000400000000000000000000000000061
:10AF700000000000000000000000000000000000D1
:10AF800000000000000000000000000000000000C1
:10AF9000000000000C001C0010001000080004005D
:10AFA00000000000000000000000000000000000A1
:10AFB0000000000000000000FE070000000000008C
:10AFC0000000000000000000000000000000000081
:10AFD0000000000000000000000000000000000071
:10AFE0000000000000000000000000000000000061
:10AFF000000000001C001C001C00000000000000FD
:10B00000000000000004000600020003000100012F
:10B010008000800040004000600020002000100000
:10B020001000080008000C000400060002000000E8
:10B0300000000000000000000000F00098010C0378
:10B040000C0306060606060606060606060606069D
:10B0500006060C030C039801F0000000000000003D
:10B060000000000000000000000040007C006000C4
:10B0700060006000600060006000600060006000D0
:10B080006000600060006000FC0300000000000041
:10B0900000000000000000000000F800840102032E
:10B0A00006030603000300018001C00060002000C9
:10B0B0001000080204020602FE0300000000000067
:10B0C000000000000000000000007800C6008601BB
:10B0D000860180018001C000700080010001000332
:10B0E0000003060306038601F800000000000000CC
:10B0F0000000000000000000000080018001C0018D
:10B10000A001A00190018801880184018201FE0F45
:10B110008001800180018001E00700000000000044
:10B1200000000000000000000000FC030400040018
:10B13000040004000400F4008C0104030003000375
:10B140000603060382018401F800000000000000ED
:10B1500000000000000000000000E00118030C03E4
:10B160000C0004000600E60116030E06060606069D
:10B17000060604060C021803F000000000000000A0
:10B1800000000000000000000000F8070C060402A8
:10B1900004010001000180008000400040004000E8
:10B1A00060006000600060006000000000000000BF
:10B1B00000000000000000000000F8010C0306067B
:10B1C000060606060C021C03F000C8010C03060666
:10B1D0000606060606060C03F0010000000000004B
:10B1E00000000000000000000000F0000C010C0353
:10B1F000060206060606060606078C067806000600
:10B20000000300030C018C01780000000000000026
:10B21000000000000000000000000000000000002E
:10B2200000000000E000E000E0000000000000007E
:10B2300000000000E000E000E0000000000000006E
:10B2400000000000000000000000000000000000FE
:10B25000000000006000600000000000000000002E
:10B26000000000000000600060004000200020009E
:10B270000000000000000000000400020001800047
:10B28000400020001000080004000800100020000A
:10B2900040008000000100020004000000000000E7
:10B2A000000000000000000000000000000000009E
:10B2B00000000000FE07000000000000FE07000084
:10B2C000000000000000000000000000000000007E
:10B2D0000000000000000000040008001000200032
:10B2E0004000800000010002000400020001800014
:10B2F00040002000100008000400000000000000D2
:10B3000000000000000000000000E0031806040C2C
:10B31000040C0C0C0C0C00078001400040004000A5
:10B3200000000000E000E000E0000000000000007D
:10B330000000000000000000E00018030C02CC0533
:10B3400064056605A605B604B604B604B604B602DE
:10B35000E4010C040C021803F000000000000000DF
:10B3600000000000000000000000600060005000CD
:10B37000D00090009000880088010801F8010403C3
:10B3800004030402020202060F0F00000000000086
:10B3900000000000000000000000FE008C030C0311
:10B3A0000C030C030C038C01FC000C030C020C06B8
:10B3B0000C060C060C060C03FE0100000000000049
:10B3C00000000000000000000000E00318030C066D
:10B3D0000C04040406000600060006000600060031
:10B3E00006040C040C021803F0000000000000002A
:10B3F000000000000000000000007F008C010C0332
:10B400000C030C060C060C060C060C060C060C06AF
:10B410000C060C030C038C017F00000000000000F0
:10B4200000000000000000000000FF030603060407
:10B430000604060086008600FE0086008600860060
:10B440000600060406040602FF03000000000000D8
:10B4500000000000000000000000FF0306030604D7
:10B460000604060086008600FE0086008600860030
:10B4700006000600060006001F0000000000000095
:10B4800000000000000000000000F00018010C02A5
:10B490000C0204020600060006000600C60F0603A2
:10B4A00006030C030C031803F0000000000000006A
:10B4B000000000000000000000000F0F0606060656
:10B4C0000606060606060606FE0706060606060623
:10B4D00006060606060606060F0F0000000000001E
:10B4E00000000000000000000000FC03600060009D
:10B4F000600060006000600060006000600060004C
:10B500006000600060006000FC03000000000000BC
:10B5100000000000000000000000F807C000C000AC
:10B52000C000C000C000C000C000C000C000C0001B
:10B53000C000C000C000C000C000C60066003C00E3
:10B5400000000000000000000000CF038601C600DC
:10B5500046002600160036002E006E004600C6008B
:10B5600086008601060106038F0700000000000028
:10B57000000000000000000000001F0006000600A0
:10B58000060006000600060006000600060006008B
:10B590000600060406040602FF0300000000000087
:10B5A000000000000000000000000707860386037B
:10B5B0008E038E034E034E034A035A035A033A0383
:10B5C0003203320332031203870700000000000039
:10B5D000000000000000000000008E0F0C021C02A2
:10B5E0001C0234023402640264024402C402840273
:10B5F00084038403040304031F020000000000000E
:10B6000000000000000000000000F00098010C03A2
:10B610000C020606060606060606060606060606C8
:10B6200006060C020C039801F00000000000000068
:10B6300000000000000000000000FF0006030606F6
:10B6400006060606060606068603FE000600060037
:10B6500006000600060006001F00000000000000B3
:10B6600000000000000000000000F00098010C0342
:10B670000C02060606060606060606060606060668
:10B6800076064C02CC039801F0008007000300000E
:10B6900000000000000000000000FF010603060695
:10B6A0000606060606060603FE004600C6008600DD
:10B6B00086010603060306060F0E000000000000C8
:10B6C00000000000000000000000F8020C03060269
:10B6D000060206000E003C00F800E00380030007AD
:10B6E0000206020606060C03F0010000000000003E
:10B6F00000000000000000000000FE076204610876
:10B700006108600060006000600060006000600030
:10B710006000600060006000F801000000000000B0
:10B72000000000000000000000001E070C020C02D8
:10B730000C020C020C020C020C020C020C020C0299
:10B740000C020C020C021801F000000000000000C6
:10B75000000000000000000000000F0706020401C6
:10B7600004010C010C01880088009800980050002A
:10B770005000700030002000200000000000000099
:10B7800000000000000000000000F70E6204420408
:10B790004604460464026402E402E4029C029C0142
:10B7A00098019801880188008800000000000000CE
:10B7B000000000000000000000009E070C010801CE
:10B7C00018019000B0006000200060006000D00010
:10B7D00090008801080104038E07000000000000AB
:10B7E000000000000000000000000F0F060404022B
:10B7F0000C0208011801B800B00070006000600081
:10B800006000600060006000F801000000000000BF
:10B8100000000000000000000000FC070C0206030E
:10B820000201800180004000400020002000100044
:10B83000180008040C040402FE03000000000000CD
:10B8400000000000E0032000200020002000200075
:10B8500020002000200020002000200020002000E8
:10B86000200020002000200020002000E003000035
:10B8700000000000000000000400040008000800B0
:10B880001000100010002000200040004000C00008
:10B89000800080000001000100020002000200049C
:10B8A000000000007C0040004000400040004000DC
:10B8B0004000400040004000400040004000400088
:10B8C0004000400040004000400040007C0000007C
:10B8D000000060009000080100000000000000006F
:10B8E0000000000000000000000000000000000058
:10B8F0000000000000000000000000000000000048
:10B900000000000000000000000000000000000037
:10B910000000000000000000000000000000000027
:10B920000000000000000000000000000000FF0F09
:10B93000000000001800600000000000000000008F
:10B9400000000000000000000000000000000000F7
:10B9500000000000000000000000000000000000E7
:10B9600000000000000000000000000000000000D7
:10B9700000000000F0010C030C030003E0031C03B3
:10B980000E03060306038E0B7C0E00000000000071
:10B99000000000000000000008000E000C000C0079
:10B9A0000C000C00CC013C031C060C060C060C061B
:10B9B0000C060C060C021C03E40100000000000051
:10B9C0000000000000000000000000000000000077
:10B9D00000000000F0008C018C01860106000600CA
:10B9E000060006020C020C01F0000000000000003E
:10B9F00000000000000000000002C003000300037C
:10BA00000003000378038C030C03060306030603FC
:10BA10000603060304038C07780100000000000001
:10BA20000000000000000000000000000000000016
:10BA300000000000E001180308020C060C06FC07D9
:10BA40000C000C0018041802E001000000000000C7
:10BA500000000000000000000000C0036006300687
:10BA600030003000FE013000300030003000300087
:10BA70003000300030003000FC0100000000000009
:10BA800000000000000000000000000000000000B6
:10BA900000000000F007D8068C018C018C01980191
:10BAA000F8000C00FC00CC03060306038E03F8002C
:10BAB000000000000000000008000E000C000C0058
:10BAC0000C000C00EC011C030C030C030C030C0316
:10BAD0000C030C030C030C039E0700000000000085
:10BAE0000000000000000000000060006000000096
:10BAF000000040007C0060006000600060006000AA
:10BB00006000600060006000FC03000000000000B6
:10BB100000000000000000000000C001C0010000A3
:10BB200000000001F001800180018001800180019E
:10BB3000800180018001800180018001CC007C00B7
:10BB4000000000000000000008000E000C000C00C7
:10BB50000C000C008C038C008C004C006C005C0012
:10BB60008C008C010C010C039E07000000000000FB
:10BB7000000000000000000040007C006000600049
:10BB800060006000600060006000600060006000B5
:10BB90006000600060006000FC0300000000000026
:10BBA0000000000000000000000000000000000095
:10BBB000000000003707EE066606660666066606A3
:10BBC0006606660666066606FF0F000000000000B7
:10BBD0000000000000000000000000000000000065
:10BBE00000000000EE011C030C030C030C030C030B
:10BBF0000C030C030C030C039E0700000000000064
:10BC00000000000000000000000000000000000034
:10BC100000000000F00098010C0306060606060668
:10BC2000060606060C030C03F000000000000000EE
:10BC30000000000000000000000000000000000004
:10BC400000000000EE011C030C060C060C060C069E
:10BC50000C060C060C031C03EC010C000C003E004F
:10BC600000000000000000000000000000000000D4
:10BC70000000000078028C030C0306030603060391
:10BC80000603060304038C03780300030003C007C4
:10BC900000000000000000000000000000000000A4
:10BCA000000000009F03580638061800180018000E
:10BCB0001800180018001800FF0000000000000025
:10BCC0000000000000000000000000000000000074
:10BCD00000000000F0031C030C020C023800F0000E
:10BCE000C003040304038C03FC01000000000000F7
:10BCF0000000000000000000000000002000200004
:10BD000030003000FE0130003000300030003000E4
:10BD10003000300030023002E0010000000000007E
:10BD20000000000000000000000000000000000013
:10BD3000000008028E030C030C030C030C030C031D
:10BD40000C030C030C039C077801000000000000AA
:10BD500000000000000000000000000000000000E3
:10BD6000000000001E070C020801080118019000E5
:10BD7000B000B00060006000200000000000000083
:10BD800000000000000000000000000000000000B3
:10BD900000000000F70E6204460464026402EC0234
:10BDA0009C01980198019801080000000000000023
:10BDB0000000000000000000000000000000000083
:10BDC00000000000BC0718011001B0006000600016
:10BDD000E0009000080108039E070000000000003A
:10BDE0000000000000000000000000000000000053
:10BDF000000000009E070801080108019000900063
:10BE0000B0006000600060002000200024001C00E2
:10BE10000000000000000000000000000000000022
:10BE200000000000FC018401C40044006000200008
:10BE30003000180208020C03FC01000000000000A2
:10BE4000000000000003800080008000800080006F
:10BE500080008000800040002000400080008000C2
:10BE600080008000800080008000800000030000CF
:10BE700040004000400040004000400040004000C2
:10BE800040004000400040004000400040004000B2
:10BE900040004000400040004000400040004000A2
:10BEA000000000000C001000100010001000100036
:10BEB00010001000100020004000200010001000B2
:10BEC0001000100010001000100010000C00000006
:10BED00000001C002204C2048003000000000000D7
:10BEE0000000000000000000000000000000000052
:10BEF0000000000000000000000000000000000042
:10BF00000000000000000000000000000000000031
:10BF10000000000000000000000000000000000021
:10BF20000000000000000000000000000000000011
:10BF30000000000000000000000000000000000001
:10BF400000000000000000000000C001C001C001AE
:10BF5000C001C001C001C0018000800080008000DD
:10BF600080008000800000000000000000008001D0
:10BF7000C003C003800100000000000000000000BA
:10BF8000000000000000E01CE01CF01E700E3807EE
:10BF900018030801840000000000000000000000F9
:10BFA0000000000000000000000000000000000091
:10BFB0000000000000000000000000000000000081
:10BFC0000000000000000000000000002010201011
:10BFD000201020102010FE7FFE7F1008100810088F
:10BFE0001008100810081008FE7FFE7F08040804DF
:10BFF000080408040804000000000000000000001D
:10C00000000000000000000000010001C0076019EE
:10C01000103118311839183938017001E001C003A6
:10C020008007000F001D003900311C311C310C311C
:10C030000C11180DE00700010001000100000000D4
:10C040000000000000000000000000001C10361876
:10C050006308630C63046304630263026301361DB7
:10C060009C37802280634063406320632063306399
:10C0700010221836081C000000000000000000001C
:10C08000000000000000000000000000F000980127
:10C090008C018C018C018C018C00CC007800183E46
:10C0A0001C083608320863046304C304C3038343D3
:10C0B00006438E26781C00000000000000000000EF
:10C0C0000000000000001C003C003C00300030007C
:10C0D00010000C000600000000000000000000003E
:10C0E0000000000000000000000000000000000050
:10C0F0000000000000000000000000000000000040
:10C100000000000000000040002000100008000CAB
:10C110000004000600030003000380018001800189
:10C120008001800180018001800100030003000381
:10C1300000060006000C000800100020004000006F
:10C1400000000000000002000400080010003000A1
:10C1500020006000C000C000C0008001800180019C
:10C1600080018001800180018001C000C000C0000A
:10C1700060006000300010000800040002000000B1
:10C1800000000000000000000000000000000000AF
:10C1900000018003800300011C713C79783DC007D9
:10C1A0000001C007783D3C791C71000180038003C9
:10C1B00080010000000000000000000000000000FE
:10C1C000000000000000000000000000000000006F
:10C1D0000000000100010001000100010001000158
:10C1E000FC7F0001000100010001000100010001CD
:10C1F000000000000000000000000000000000003F
:10C20000000000000000000000000000000000002E
:10C21000000000000000000000000000000000001E
:10C22000000000000000000000000000000000000E
:10C230001C003C003C003000300010000C000600E8
:10C2400000000000000000000000000000000000EE
:10C2500000000000000000000000000000000000DE
:10C26000FE7F000000000000000000000000000051
:10C2700000000000000000000000000000000000BE
:10C2800000000000000000000000000000000000AE
:10C29000000000000000000000000000000000009E
:10C2A0000000000000000000000000000000180076
:10C2B0003C003C00180000000000000000000000EE
:10C2C000000000000000004000600020003000106E
:10C2D00000180008000C0004000600020003000122
:10C2E00080018000C000400060002000300010008D
:10C2F000180008000C000400060002000000000006
:10C30000000000000000000000000000C007600CFA
:10C3100030181830183018200C600C600C600C605D
:10C320000C600C600C600C600C6018201830183029
:10C330003018600CC0070000000000000000000082
:10C34000000000000000000000000000000180016B
:10C35000F80180018001800180018001800180015D
:10C3600080018001800180018001800180018001C5
:10C370008001C003F81F0000000000000000000062
:10C38000000000000000000000000000E007101C9A
:10C390000818043004300C300C300030001800084D
:10C3A000000400020001800040002020102008202E
:10C3B0000430FC1FFC1F0000000000000000000013
:10C3C000000000000000000000000000E003180E64
:10C3D0000C0C0C180C180C180018000C0006C003EC
:10C3E000000E00180010003000300C300C300C1023
:10C3F0000C18180CE0030000000000000000000012
:10C40000000000000000000000000000000C000E12
:10C41000000E000F800E800E400E600E200E100EDB
:10C42000100E080E040E040EFE7F000E000E000E0D
:10C43000000E000E000EC07F000000000000000093
:10C44000000000000000000000000000F03FF03F8E
:10C4500010001000100008000800C807280C181869
:10C46000081000300030003000300C300C30041860
:10C470000418080CF0030000000000000000000099
:10C48000000000000000000000000000800FC0104D
:10C49000203010301800180008000C008C0F6C18A9
:10C4A0003C301C600C600C600C600C601860182044
:10C4B00030306018C00700000000000000000000DD
:10C4C000000000000000000000000000F83FF83FFE
:10C4D0001C100C08040804040004000200020001FF
:10C4E00000010001800080008000C000C000C0008A
:10C4F000C000C000C00000000000000000000000FC
:10C50000000000000000000000000000E007300C08
:10C5100018180C300C300C301C3038187008E0073C
:10C52000B007180E0C1C06380630063006300630F0
:10C530000C18180CE00300000000000000000000D0
:10C54000000000000000000000000000E0031804EC
:10C550000C080C1806100630063006300630063877
:10C560000C3C1836F03100300018001800180C0C84
:10C570000C060C03F00100000000000000000000A9
:10C5800000000000000000000000000000000000AB
:10C59000000000000000000000008001C003C00394
:10C5A0008001000000000000000000000000800189
:10C5B000C003C00380010000000000000000000074
:10C5C000000000000000000000000000000000006B
:10C5D00000000000000000000000C000C0000000DB
:10C5E000000000000000000000000000000000004B
:10C5F0000000C000C000800080004000400000003B
:10C6000000000000000000000000002000100008F2
:10C610000004000600038001C00060003000180024
:10C620000C00180030006000C0008001000300060C
:10C6300000040008001000200000000000000000BE
:10C6400000000000000000000000000000000000EA
:10C6500000000000000000000000FE7F000000005D
:10C66000000000000000FE7F00000000000000004D
:10C6700000000000000000000000000000000000BA
:10C68000000000000000000000000400080010008E
:10C6900020006000C000800100030006000C0018AC
:10C6A00000300018000C000600038001C00060008C
:10C6B000200010000800040000000000000000003E
:10C6C00000000000000000000000C0073018083023
:10C6D00008600C601C601C601C600030001C0006C0
:10C6E00000018000800080008000000000008001C8
:10C6F000C003C00380010000000000000000000033
:10C70000000000000000000000000000C0076018EA
:10C71000103018200C2F8C4D864CC64CC64C664CE5
:10C7200066446644662666266615CC1C0C400820C6
:10C7300018303018C00700000000000000000000A2
:10C74000000000000000000000000001C001C00166
:10C75000C0014001600320032003200330061006BF
:10C7600010061006F80F080C080C080C0C0C041826
:10C77000041806181F7C00000000000000000000E4
:10C78000000000000000000000000000FE07181C70
:10C79000183818301830183018301818180CF807D6
:10C7A0001818183018201860186018601860186081
:10C7B00018301818FE0F00000000000000000000F4
:10C7C000000000000000000000000000C0276038EA
:10C7D000103018200C400C40040006000600060033
:10C7E000060006000600060006000C400C400C2067
:10C7F00018303018C00700000000000000000000E2
:10C80000000000000000000000000000FE03180E01
:10C810001818183018301830186018601860186030
:10C8200018601860186018601860183018301810F8
:10C830001818180EFE0300000000000000000000A1
:10C84000000000000000000000000000FE3F183063
:10C85000182018601840180018081808180CF80F4D
:10C86000180C18081808180018001800184018406C
:10C8700018201830FE3F00000000000000000000FB
:10C88000000000000000000000000000FE7F1870A3
:10C89000184018C018801800181018101818F81F21
:10C8A0001818181018101800180018001800180090
:10C8B000180018007E0000000000000000000000CA
:10C8C000000000000000000000000000C013701C09
:10C8D000101018100C200C200400060006000600A2
:10C8E0000600060006FC063006300C300C3018300E
:10C8F00018303008C00700000000000000000000F1
:10C900000000000000000000000000003F7E0C1846
:10C910000C180C180C180C180C180C180C180C18F7
:10C92000FC1F0C180C180C180C180C180C180C18F0
:10C930000C180C183F7E00000000000000000000F2
:10C94000000000000000000000000000F81F80014F
:10C9500080018001800180018001800180018001CF
:10C9600080018001800180018001800180018001BF
:10C9700080018001F81F000000000000000000009E
:10C98000000000000000000000000000E07F000642
:10C990000006000600060006000600060006000667
:10C9A0000006000600060006000600060006000657
:10C9B00000060006000600060E060E038E01FC00AF
:10C9C0000000000000000000000000007E7C18183D
:10C9D0001808180418061802180198019801D801BF
:10C9E000B803380318071806180E180C181C181866
:10C9F000183018307EFC000000000000000000002D
:10CA00000000000000000000000000007E00180090
:10CA10001800180018001800180018001800180056
:10CA200018001800180018001800180018401840C6
:10CA300018201830FE3F0000000000000000000039
:10CA40000000000000000000000000001FF81C387B
:10CA50001C381C381C3C343434343434343674328E
:10CA60006432643264326431C431C431C431C4309C
:10CA7000C43084309FFC0000000000000000000073
:10CA80000000000000000000000000001F7C1C10DF
:10CA90003C103410341074106410E410C410C4112D
:10CAA00084118413041304170416041E041C041CAC
:10CAB000041C04181F180000000000000000000003
:10CAC000000000000000000000000000C003300C67
:10CAD000181808100C300C300660066006600660FE
:10CAE000066006600660066006600C200C300810C8
:10CAF0001818300CC0030000000000000000000007
:10CB0000000000000000000000000000FE0F1818E8
:10CB100018301860186018601860186018301818FD
:10CB2000F80F180018001800180018001800180056
:10CB3000180018007E000000000000000000000047
:10CB4000000000000000000000000000C003300CE6
:10CB500018180C100C300C20066006600660066089
:10CB600006600660066006600660E4612C331C32D5
:10CB70001816300EC007004C007C00380000000082
:10CB8000000000000000000000000000FE07181C6C
:10CB9000183818301830183018301818180CF807D2
:10CBA00098031803180718061806180E180C180C06
:10CBB000181C18187E78000000000000000000001B
:10CBC000000000000000000000000000E0273038F6
:10CBD00018300C200C200C000C0018007800E0032A
:10CBE000800F001E00380070006004600460086060
:10CBF00018303818C80F00000000000000000000C6
:10CC0000000000000000000000000000FC3F8C213C
:10CC10008461824182418001800180018001800124
:10CC200080018001800180018001800180018001FC
:10CC300080018001E007000000000000000000000B
:10CC40000000000000000000000000003F7C0C100D
:10CC50000C100C100C100C100C100C100C100C10F4
:10CC60000C100C100C100C100C100C100C100C10E4
:10CC700008083804E0030000000000000000000085
:10CC80000000000000000000000000003EF8182036
:10CC90001820182030103010301030106008600854
:10CCA0006008E00CC004C004C0048003800380035B
:10CCB00080030001000100000000000000000000EF
:10CCC000000000000000000000000000DFF38661AB
:10CCD000862186218C210C218C238C138C138C13A0
:10CCE0004C1358125816580E380E380E380E300C99
:10CCF00010041004100400000000000000000000F8
:10CD00000000000000000000000000007E3E180847
:10CD100038083004300470026002E001C001C00134
:10CD2000800180034003400720062006100C100CF1
:10CD3000081808183E7C00000000000000000000F9
:10CD40000000000000000000000000007E7C1C10BD
:10CD5000181018083008300C700460046002C0021B
:10CD6000C002C0018001800180018001800180013A
:10CD700080018001E00700000000000000000000CA
:10CD8000000000000000000000000000F83F18183C
:10CD90000818040C040E000600070003800380013D
:10CDA000C001C000E0006000700030003820182092
:10CDB0001C100C18FE1F0000000000000000000006
:10CDC000000000000000C03F400040004000400064
:10CDD0004000400040004000400040004000400053
:10CDE0004000400040004000400040004000400043
:10CDF00040004000400040004000C03F00000000F4
:10CE000000000000000000000000080018001800EA
:10CE1000100030002000600060004000C000800072
:10CE200080018001000100030002000600060004EA
:10CE3000000C00080018001800100030002000004E
:10CE4000000000000000FC030002000200020002DB
:10CE500000020002000200020002000200020002C2
:10CE600000020002000200020002000200020002B2
:10CE700000020002000200020002FC0300000000A9
:10CE80000000000000008007C0062008101000000D
:10CE90000000000000000000000000000000000092
:10CEA0000000000000000000000000000000000082
:10CEB0000000000000000000000000000000000072
:10CEC0000000000000000000000000000000000062
:10CED0000000000000000000000000000000000052
:10CEE0000000000000000000000000000000000042
:10CEF0000000000000000000000000000000FFFF34
:10CF00000000000000007800C000000100000000E8
:10CF10000000000000000000000000000000000011
:10CF20000000000000000000000000000000000001
:10CF300000000000000000000000000000000000F1
:10CF400000000000000000000000000000000000E1
:10CF500000000000000000000000F00318060C0CA8
:10CF60000C0C000C800F700C1C0C0C0C060C060C2E
:10CF7000064C0C4FF83800000000000000000000D4
:10CF80000000000000000000000010001E0018005B
:10CF900018001800180018001800180FD81838309A
:10CFA00038601860186018601860186018601820E1
:10CFB00038307818C80700000000000000000000AA
:10CFC0000000000000000000000000000000000061
:10CFD00000000000000000000000C007700C1818DE
:10CFE00018180C180C000C000C000C000C20182059
:10CFF00018103008C007000000000000000000000A
:10D00000000000000000000000000010001E0018DA
:10D0100000180018001800180018E01B301C181821
:10D0200018180C180C180C180C180C180C180818D8
:10D03000181C307AE0090000000000000000000029
:10D0400000000000000000000000000000000000E0
:10D0500000000000000000000000C007300C18189D
:10D0600008100C300C30FC3F0C000C000C00182099
:10D0700018107018C0070000000000000000000039
:10D08000000000000000000000000000003E80C31F
:10D0900080C0C0C0C000C000C000FC1FC000C000F5
:10D0A000C000C000C000C000C000C000C000C00080
:10D0B000C000C000F80F00000000000000000000E9
:10D0C0000000000000000000000000000000000060
:10D0D00000000000000000000000C077306C101855
:10D0E0001818181818181018300CF0071800180025
:10D0F000F00FF03F08700C600C600C603838E00FE7
:10D100000000000000000000000010001E001800D9
:10D1100018001800180018001800980FD818383098
:10D1200018301830183018301830183018301830BF
:10D13000183018307EFC00000000000000000000E5
:10D1400000000000000000000000000080038003D9
:10D1500080030000000000000001F8018001800150
:10D1600080018001800180018001800180018001B7
:10D1700080018001F81F0000000000000000000096
:10D18000000000000000000000000000003800382F
:10D1900000380000000000000010801F0018001878
:10D1A00000180018001800180018001800180018BF
:10D1B00000180018001800180018180C1806F003C2
:10D1C0000000000000000000000010001E00180019
:10D1D00018001800180018001800183E180C18063F
:10D1E000180318019801D801380318071806180CFD
:10D1F000181C18187E7C00000000000000000000D1
:10D20000000000000000000000000001F8018001A3
:10D210008001800180018001800180018001800106
:10D2200080018001800180018001800180018001F6
:10D2300080018001F81F00000000000000000000D5
:10D2400000000000000000000000000000000000DE
:10D2500000000000000000000800EE1C9C338C3130
:10D260008C318C318C318C318C318C318C318C31D6
:10D270008C318C31DE7B00000000000000000000DB
:10D28000000000000000000000000000000000009E
:10D29000000000000000000010001E0FD8183830F9
:10D2A000183018301830183018301830183018303E
:10D2B000183018307EFC0000000000000000000064
:10D2C000000000000000000000000000000000005E
:10D2D00000000000000000000000C007701C1030BB
:10D2E00018300C600C600C600C600C600C60183026
:10D2F00018303018C00700000000000000000000D7
:10D30000000000000000000000000000000000001D
:10D31000000000000000000010009E0F5818383078
:10D3200018201860186018601860186018601830AD
:10D3300038307818980718001800180018007E0078
:10D3400000000000000000000000000000000000DD
:10D3500000000000000000000000C023303C18382E
:10D3600018300C300C300C300C300C300C300830D5
:10D370001838303CE033003000300030003000FC22
:10D38000000000000000000000000000000000009D
:10D39000000000000000000060007E3C60666061EC
:10D3A000E000E0006000600060006000600060007D
:10D3B00060006000FE0700000000000000000000A8
:10D3C000000000000000000000000000000000005D
:10D3D00000000000000000000000E0273038183096
:10D3E000182018007000E003800F001C0430043087
:10D3F0000C301C18EC0F00000000000000000000C2
:10D40000000000000000000000000000000000001C
:10D41000800080008000C000E000FC1FC000C00051
:10D42000C000C000C000C000C000C000C000C020DC
:10D43000C0208011000F000000000000000000006C
:10D4400000000000000000000000000000000000DC
:10D45000000000000000000010201E3C18301830B2
:10D46000183018301830183018301830183018307C
:10D47000183830F4E0130000000000000000000045
:10D48000000000000000000000000000000000009C
:10D49000000000000000000000007E3C1818180882
:10D4A000380830043004700260026002E001C001FC
:10D4B000C001C0008000000000000000000000006B
:10D4C000000000000000000000000000000000005C
:10D4D00000000000000000000000DFF78E630C2356
:10D4E0008C238C239813981358165816700E700EB0
:10D4F000700E200420040000000000000000000066
:10D50000000000000000000000000000000000001B
:10D5100000000000000000000000FC3E70087004E5
:10D52000E004C002C0018003800340076006200CB5
:10D53000100C18183E7E00000000000000000000E3
:10D5400000000000000000000000000000000000DB
:10D55000000000000000000000007E7C1818180881
:10D5600030083008300460046004C002C002C00209
:10D570008001800180018000800080004C003C0020
:10D58000000000000000000000000000000000009B
:10D5900000000000000000000000FC1F0C0C040E46
:10D5A0000406000380038001C000E00070203020EA
:10D5B00038301C18FC1F00000000000000000000B4
:10D5C0000000000000000030000800040004000417
:10D5D000000400040004000400040004000400022D
:10D5E00080010002000400040004000400040004A0
:10D5F00000040004000400040004000800300000DF
:10D600000001000100010001000100010001000112
:10D610000001000100010001000100010001000102
:10D6200000010001000100010001000100010001F2
:10D6300000010001000100010001000100010001E2
:10D640000000000000000C0010002000200020005E
:10D6500020002000200020002000200020004000AA
:10D660008001400020002000200020002000200039
:10D670002000200020002000200010000C000000EE
:10D6800000003800C400864002610022001C000037
:10D69000000000000000000000000000000000008A
:10D6A000000000000000000000000000000000007A
:10D6B000000000000000000000000000000000006A
:10D6C000B4EF820084008000F007870084004401EA
:10D6D0004402240414040A00F107C3EE8400840009
:10D6E0008402AF04AA04AA049A0089040A0204016D
:10D6F000CA003100BFC608012701440104013F01EF
:10D7000044010E011607E501040104010401BCBC3B
:10D7100084008400F4078F008400F4032C022702A5
:10D720004401840044013606B4EF000204020802FA
:10D730000802E07F00020F0208050809881048204F
:10D74000282008001400E27F0000C3EE080408044B
:10D75000080408153F252445A444A4046424122485
:10D7600014140810140822040103C000BFC61008D6
:10D77000B8080F0908090808BF0808091C092C087F
:10D780000A78CA0F09080808080808080808BCBC75
:10D79000080408040804C87F3F0408040804A83FDC
:10D7A00018210C110B12080A0804080A8A11646077
:10D7B000B4F3000000000800001800000800000892
:10D7C00000000800000810FCFF3F000800001800DF
:10D7D000001800001800002C000024000044000085
:10D7E000C600008200000301800103C0000E20007B
:10D7F0003C180010040000000000D0A10000000050
:10D8000000000018000018000010000010000010B8
:10D8100000001000809000801101C0100240100430
:10D8200060101C3010181010300810300410200048
:10D830001000001000001000001900001E00000C75
:10D8400000000000B5AF00000000080000100EFC52
:10D85000300280200280200180FC1F80C418F8C4A0
:10D860001888FC1F0CC4180CC41804C418FCFC1F36
:10D87000C4C418C0C00040C02040FF3F40C00040AA
:10D88000C00060C0003CC00030C000004000CDE8D7
:10D890000000000002000006000006000006000074
:10D8A0000600000601F8FF0300060100060100065D
:10D8B00001400601800301000E01001A010013015E
:10D8C00000012180012180002140002120007110F1
:10D8D000003F0C0000000000BBF700000000080043
:10D8E000001800001800001800001808F8FF1F00BA
:10D8F0001800001800001800001820FEFF7F001814
:10D900000010180030180C301804301804301804B7
:10D91000301804301804F0FF070000040000040071
:10D920000000B4F2000000000000400000400000D1
:10D9300040000040FC3F400201FE07014000014062
:10D940000001400001400301C000017800014C00CB
:10D950000140000140000140000140000140000181
:10D960004C300170C001208000000000CAFD0000A2
:10D9700000808000888801908800B0C40090420038
:10D98000FCDF3FC06008E06308A06408905C0C8C7A
:10D99000500C82800CC08004FE8F04608407200439
:10D9A0000370020380870780CD0C60683818183038
:10D9B000060400000000A3BA000000000000000000
:10D9C0000000000000000000000000000000000057
:10D9D00000000000000000000000000038000038D7
:10D9E00000003800000000000000000000003800C7
:10D9F00000380000380000000000000000000000B7
:10DA00000000000000000000000000000000000016
:10DA10000000000000000000000000000000000006
:10DA200000000000000000000000000000000000F6
:10DA300000000000000000000000000000000000E6
:10DA400000000000000000000000000000000000D6
:10DA500000000000000000000000000000000000C6
:10DA600000000000000000000000000000000000B6
:10DA700000000000000000000000000000000000A6
:10DA80000000000000000000000000000000000096
:10DA90000000000000000000000000000000000086
:10DAA0000000000000000000000000000000000076
:10DAB0000000000000000000000000000000000066
:10DAC0000000000000000000000000000000000056
:10DAD0000000000000000000000000000000000046
:10DAE0000000000000000000000000000000000036
:10DAF0000000000000000000000000000000000026
:10DB00000000000000000000000000000000000015
:10DB10000000000000000000000000000000000005
:10DB200000000000000000000000000000000000F5
:10DB300000000000000000000000000000000000E5
:10DB400000000000000000000000000000000000D5
:10DB500000000000000000000000000000000000C5
:10DB600000000000000000000000000000000000B5
:10DB700000000000000000000000000000000000A5
:10DB80000000000000000000000000000000000095
:10DB90000000000000000000000000000000000085
:10DBA0000000000000000000000000000000000075
:10DBB0000000000000000000000000000000000065
:10DBC0000000000000000000000000000000000055
:10DBD0000000000000000000000000000000000045
:10DBE0000000000000000000000000000000000035
:10DBF0000000000000000000000000000000000025
:10DC00000000000000000000000000000000000014
:10DC10000000000000000000000000000000000004
:10DC200000000000000000000000000000000000F4
:10DC300000000000000000000000000000000000E4
:10DC40000000000000000000002040A18207922890
:10DC50008A4871C5614450E250C2404048A150E238
:10DC600048A138404061384048A14881408138404F
:10DC7000384038403840302030203020386138403B
:10DC80002800300030002800280030003020280014
:10DC9000200020002000200020002800200020007C
:10DCA0000000000000000000000000000000000074
:10DCB0000000000000000000000000000000000064
:10DCC0000000000000000000000000000000000054
:10DCD000000000001840E40DEBEDE3ACE3ACE34BD7
:10DCE000DB4AE34ADB2AE36BDB6BE38CDB8BDB6B2E
:10DCF000DB6BE38CE38BDB6BE36BDB4AD32ADB6B05
:10DD0000DB4ADB2ADB8BDB6BDB8BDB8BDB8BDB6BC5
:10DD1000DB6BE36BDB6BDB6BDB8BDBACDBCCDBACC8
:10DD2000D38BD36BDBACDB8CD36BDB6B10000000D5
:10DD300000000000000000000000000000000000E3
:10DD400000000000000000000000000000000000D3
:10DD500000000000000000000000000000000000C3
:10DD6000FD73EA87EA67EA46EA46FAC8EA87E20606
:10DD7000EA46E226F2A7F2A8F2C8F2A8EA67E205AC
:10DD8000F287EA67EA46F2A8F2A8EA67E225E1E547
:10DD9000F288E1E6E206D9C4EA46EA47FAA9D9C51B
:10DDA000E226E226D1A4E226E205E205D9C5E1E5B4
:10DDB000EA26E226EA67EA47C36D00000000000099
:10DDC0000000000000000000000000000000000053
:10DDD0000000000000000000000000000000000043
:10DDE000000000000000000000000000E3CDEA4752
:10DDF000E1E5EA47E206F288EA26D9E5D9C5D9E69F
:10DE0000D9C5C964C943D9C5EA47D9C5D9E6D9E551
:10DE1000EA47E206E206EA47D9C5EA47E1E6E22632
:10DE2000D9A5D184C123C964D9C5D184D9A5EA476C
:10DE3000D1A4C964D1A5D1A4D9E6D9E6D9A5E22750
:10DE4000C944D185C32C0000000000000000000080
:10DE500000000000000000000000000000000000C2
:10DE600000000000000000000000000000000000B2
:10DE70000000000000000000EBEEE1E6E1E6E20653
:10DE8000E206EA26D9A5E226D9C5E227D9E6E1E6E7
:10DE9000EA47E227D1A4E206C964C943E206E1E603
:10DEA000E206EA27D9A5EA47E206D9A5D9E5E206BE
:10DEB000E1E6D184D164E206D9A5E206E206E206F3
:10DEC000D9E5E206D9E6D185D9C6D9E6D9C6E1E6D3
:10DED000DBCF000000000000000000000000000098
:10DEE0000000000000000000000000000000000032
:10DEF0000000000000000000000000000000000022
:10DF000000000000F44FEA06D9A5D9C5D9C5EA2713
:10DF1000D9A5E206D9E6EA27E227D9C5E1E6D9C5BF
:10DF2000D1A5C943D9C5D184D9C5D9E5D9C5EA4751
:10DF3000D9C5EA47D9C5D164E206D9C5D9C5D9C57D
:10DF4000D9C5EA47D9A5E206F288D9E6E206D1A505
:10DF5000D164E1E6EA47C943D185E207C34C00003A
:10DF600000000000000000000000000000000000B1
:10DF700000000000000000000000000000000000A1
:10DF80000000000000000000000000000000002071
:10DF9000FCD1E206E206D9A5D985EA27D984D9A51C
:10DFA000D9A5E1C6EA07E1E6E226E226D185D9C590
:10DFB000D184D9C5D9A5E206D9A5F288EA47EA47AE
:10DFC000D9A5E1E6D185D9C5E206F268D9C5D184E3
:10DFD000E1E6C943E1E6E206D9E5E226D185D1A42E
:10DFE000D1A5C103C0E2D9A5CB6D0000000000009F
:10DFF0000000000000000000000000000000000021
:10E000000000000000000000000000000000000010
:10E01000000000000000000000000000F490EA266C
:10E02000D1A5E1C5EA27B924080108212063EEFC47
:10E03000EEDCED12E38BE3ACE226D9C5D184E1E658
:10E04000E206D9C6E1E6E227D9A5E226D9C5D9C6B6
:10E05000D184D9C5E206D9E6D1C5E38BE38B8186AD
:10E0600018422042D5F8EEFCEEFCE268D9A6D9C6EB
:10E07000D9C6D9E6CB8E00000000000000000000E9
:10E080000000000000000000000000000000000090
:10E090000000000000000000000000000000000080
:10E0A0000000000000000020F4D1F267E206D9E68B
:10E0B000EA27E248104210830822E71DE71DF59584
:10E0C000F42EF3CDD9A5EA67E1E6EA27D9A5D184F4
:10E0D000C943C964D9C5EA27D164D9C6D9E6D1A54F
:10E0E000E1E6D9E6D9E6DB8BEC2E79C7082110638F
:10E0F000CE3AE71CE6FDC9A6D185D164C123D1651E
:10E10000DBCE000000000000000000000000000066
:10E1100000000000000000000000000000000000FF
:10E1200000000000000000000000000000000000EF
:10E1300000000000FCF2E206E206EA47EA07DA071E
:10E140000002086318A4E6DCDEFCDC91F42EEBCCC4
:10E15000D9C6E1E6D9C5D184D9C5D164D185D9C59F
:10E16000D9C5E1E6D9A5E227D184D1A5E206E20628
:10E17000C984E3CCE38C692508220842BDD8DE9B24
:10E18000DE9BD1E7E1E6D184C943D184E3CE000030
:10E19000000000000000000000000000000000007F
:10E1A000000000000000000000000000000000204F
:10E1B000000000000000000000000000000000005F
:10E1C000F4D1E206E206E206EA47E28900220042D2
:10E1D0001063002208838A69EC0DEBEDD1E6D9A526
:10E1E000D9C6D164C944D9C5EA48E226C943D9E5AC
:10E1F000D184D185D184EA47E227E207D164E36B79
:10E20000DB6B822808421083004208420001B944B7
:10E21000D9C6D1C5E206C123DB4C000000000000D6
:10E2200000000000000000000020000000000020AE
:10E230000000000000000020CCB0ECD1ECB0E46F96
:10E24000E42EE40EEC4EFC90F46FF46FFC8FD9A436
:10E25000D184D9C5D1A4DA48088418C410840842EE
:10E2600010839289DBABDB6BD164D9E6D184D18595
:10E27000D1A5E207E206D164EA68C943D9C5D185D0
:10E28000D184D1A5C943C964D1C6E3ACD36B79C7E6
:10E290000022108418C408420842D1C6C964D1853E
:10E2A000D184D1A5C1C7386128612061206138C2FD
:10E2B000510379C69A8AB34C8AA900210000000054
:10E2C00000000000EC4EEC8EEC8FF46FEC4EEC2E68
:10E2D000F44EF44DF48EF4CFE36AC923D9A5E1E6F8
:10E2E000E206E22738833042386238833041A1E7C2
:10E2F000EB4BF3CCD184C964D9C5E206D9C5C94377
:10E30000C943D1A4D9A5E1E6C964E1E6D1A5D1A567
:10E31000D164C964D1A5CAA8EB8C89853042280193
:10E32000280130423862D1A5D1A5D9C6E208C94436
:10E33000C9A6DC2FDC4FDC2ED3CCD36BE38CDB8C7B
:10E34000D34BD3CDD3ED1800000000000000A36D27
:10E35000F247E1A4FAA8F2A8E226FAC8F267EA2690
:10E36000E1E5D9C5C983EA87EA68E1E7D185E1C576
:10E37000E38BE3CCE3CCE3CCE3ACDA47E1E6D9A52D
:10E38000D9A5E206D185E206E227D9C6E227D9E57A
:10E39000D185D9A5C964E1E6C943D184C943D16413
:10E3A000D9C6D1A4D185DA47DB6BDB8BE3ECF4AFC4
:10E3B000DB6BD185C923D9A6E207D185D144D164CD
:10E3C000D9E5D9E5EA47EA06B0A3A8A3A882C145E2
:10E3D000B9248A8A000000200000D4F2E206D16449
:10E3E000D184D184D9C5E226E206E206D9A5D9E5D1
:10E3F000E206D9C5D1A4C964EA47E1E6DB6AFC6F4D
:10E40000EC0DEC0DEC0DDA47EA48EA27D9E6D9E63F
:10E41000D184EA68E206D185D9C5D9C5D9C5C12359
:10E42000D9C5D184D9A5D1A5C964D185C103E206D6
:10E43000C943E2A9EBEDEC2DDB8BDBACD32AD18514
:10E44000C103EA48C964D9E6D9A6D1A5D9A5D9C5D9
:10E45000C123EA68B0A3B0E49821A0A39042D4D22B
:10E46000000000000020CCB2E206D9A5D9E6D1A573
:10E47000D9E5D9A5EA27D184D164D1A4D1A4E206F3
:10E48000D9C5D184E1E6E206C964D1A4D9C5C9647D
:10E49000D1C5D9A5D9E6D9C5E206E206E207C1236E
:10E4A000D185D9C5D164E1E6E206EA27D184C96401
:10E4B000D184D1A5C944D164E1E7C944D185D1E66D
:10E4C000E227D9E6DA27C9A5DA06EA48C923D9C678
:10E4D000C965D185C944D165C944EA48D185D1A56A
:10E4E000A821A883A062A083A8E4BBAF000000001D
:10E4F0000000D4D2D9C5D184C964E226D184D1A583
:10E50000D9C5E226E206D1A4E206D1A5D9E6E227E2
:10E51000EA27D185D9E6E206E227D9C6C102D1842D
:10E52000D9C5E227D9C5D9C6D184D9C5D9E6D1A5DF
:10E53000C123EA27D9A5D1A5E1E6C964D184D9A52B
:10E54000D9C6E227D164E1E6C944EA48D9C6D9E68A
:10E55000D185D185C924D9A5D9A5C944C944C944FF
:10E56000D9E7D1A5D9C6D9E6C103C944A021B0A431
:10E57000A8A4A8A3A0A3AB4D000000000020D513C1
:10E58000E227E1E6EA47E227D184EA67D9C5D9C59F
:10E59000E206D9E6FAC9E227D9C5E206D9C5D9C546
:10E5A000EA48D164D184D9C5E206D9E6F268EA47DF
:10E5B000D9A5C964D184E206D184EA27C964E207F7
:10E5C000C923D184D9A5C923D184D9E6D1A5C9232A
:10E5D000D165D1A5EA48EA27EA27C0E2E227C103CC
:10E5E000D164D165D185B8E2D9C6D9A5D9A5C10371
:10E5F000D9C6C964D9A6D185C9C8B105B0E4A86394
:10E600009801B3AE002000200020BC50E206E206D4
:10E61000E227E226D9E5D9E6D1A5EA47D9C5D9C589
:10E62000EA47D9E6D1A5D9C5EA68D9E6D184E22777
:10E63000E227E206C923D164E227D9A5EA47E22707
:10E64000E206EA68D164D1A5C964D164E1E6D18467
:10E65000D9C5D9E6D9C5E206C944D184E207D9A60D
:10E66000C103E206D185D185E227C923E207E1E6AD
:10E67000D164D1A5C964D1A5D164D185C984D1A6FD
:10E68000C984D1C688418863802288638843A32CCB
:10E69000002000200020A3ADD184D1A4D9E6D9E583
:10E6A000D9C5E206E206D9C5E227EA47E206D9C59E
:10E6B000E227E206D184E206D9C5D9C6D1A5E20691
:10E6C000D9C5D184F268D9C5E1E6E1E6D184D1A506
:10E6D000EA27EA27E206E227D9E6E227D9C5D1846C
:10E6E000D1A5D9E6E206D9E6D1A5D9C6D185C123FF
:10E6F000E206C944D9E6EA27C944D9A5E227E227B8
:10E70000C944D9C6D164C123D9E6D9E6C123D1858C
:10E71000908280427801780178218AAA0020002026
:10E72000002082AAD1A5D9C5D9C5E227E226C943CE
:10E73000EA47D9C5C963D9E5EA68D9E6D1A5D9E6DA
:10E74000C964D9C5D9C5C964D9C5E206D164C9644B
:10E75000D9C5D1A5E206D184D184EA27C102E1E678
:10E76000D164C923C944D9E6E227D9C6D9A5E206AE
:10E77000C944D184D1A5D9E6C964C943D9E6D185B4
:10E78000D185D185D9C6D9C6D9C6E207B903D9E69C
:10E79000D9C6C0E3D9C6C944E207C944880080216C
:10E7A000700078017821826900200020002069C66D
:10E7B000D9C6D9C5D9E5C963E206D1A5E227D9C52D
:10E7C000D1A5E227D184C943D9C5D1A5C123D9E6B2
:10E7D000D1A5D184E206D184E207D9E6D185D9C595
:10E7E000EA47D185E206D9C6D9C5EA27D9C5E206E6
:10E7F000EA47D9C6D184D185D184C103EA27C94368
:10E80000D164D9A5E207C944EA27D185D185D9A524
:10E81000D9C6E207D9A5E207D1A6D9C6F269D16562
:10E82000D9C6C944D9C7D1A68862804280218062F6
:10E8300078217AAA0000002000204020D1C5D1C54F
:10E84000D1A5E227C903D9C5EA27D1A5D9E5E22791
:10E85000D9C5C964EA47D9C5F2A9EA47D9E6D9E6D4
:10E86000D184E206D164D1A5D9E6EA27D9C5D9E693
:10E87000EA27D164F288D9C5D9E6C964E207D16430
:10E88000D9A5D9C5C102C944C0E2D184E227C9448F
:10E89000C964D165E207C123E207E207E207E207A4
:10E8A000EA68D1A5C123C964EA28C103D1A6C1037E
:10E8B000B8E3B0E370007801780180627000200056
:10E8C0000020002000200800300038003800380008
:10E8D000380038003800380038005081E1E6D16453
:10E8E000C984C943E206D9C5D9C5D184D9C5C102F5
:10E8F000D1A5C964D9E6D164E206D9C5D9C5E20675
:10E90000C943D184D9C5C944D9C6D9C6D185D16432
:10E91000D9C6D165D9C6D184C944D9E6D9C6D1658D
:10E92000C923C944D9A6D165D9A5D9C6D9E6D9E69E
:10E93000EA68D185A143584058406061688270A25E
:10E9400040212000180020001000000000200020BE
:10E9500000200020002000200020002000200020B7
:10E960000021002000200020DB0AE206C943E20665
:10E97000C964E206C964E206D184E227D9C6D1841B
:10E98000D9A5D185D9C5EA47D9C5D9E6E207D9E6DF
:10E99000D185C964D9C6D185C944D185C123D9A639
:10E9A000D9C6D9A6C944D185C923C944E1E6D9C687
:10E9B000D9C6C944D9E6EA48C964D165EA28D185EF
:10E9C0003000002000200020002000200020002037
:10E9D0000020002000200020002000200020002037
:10E9E0000020002000200020002000200020002027
:10E9F00000200021EC0DE227E206D9E6D9E6D18419
:10EA0000D9E6C123EA68D184D185C943EA47C9431D
:10EA1000EA68E207E1E6C964EA48C944D185C94425
:10EA2000C964D185D9A5C944C103C944D1A5D1645C
:10EA3000D165EA27F289D9C6F269C103E1E6D9C6F0
:10EA4000C123D9C6D9C6D9C6C944C0E33000002104
:10EA500000200020002000200020002000200020B6
:10EA600000200020002000200020000000200000E6
:10EA700000210020002000000020002100210021B2
:10EA8000FD53E1E6E227D184D184D1A5E206C1237A
:10EA9000D9C5C964D185D9C5D9C5D184E206D9E61D
:10EAA000D1A5C964C964D9A5D9C6C944C103C123C4
:10EAB000EA48D9C6E207D1A5C944E227C944D9C664
:10EAC000D9A6D9A5E207D185C964C103C944D9C66D
:10EAD000C964EA68D185B90328200000002000201D
:10EAE0000020002000200020002000200020002026
:10EAF0000020002000200020002000200020002016
:10EB0000002000200020002000210021FD33EA2702
:10EB1000E227D1A5D184D164D9C5E206E206D9A500
:10EB2000D9E6EA47C943D164C944C944E1E6D9C634
:10EB3000D9C6D9A6E1E7EA08D985E1E6D9A6D16523
:10EB4000D165D9C6D164C944E227D185EA27D185E8
:10EB5000B8A2D9A5C123C964D185C964C944D1A5C6
:10EB6000E207D1852820002000200020002000207E
:10EB700000200020002000200020002000200000B5
:10EB80000020002000200020002000200020002085
:10EB90000020002000210021DC2FEA47D184E2067A
:10EBA000E227E206D184D9C5D184D184EA47EA2795
:10EBB000D184E207D9E6D185E1E6EA48C924D9A69D
:10EBC000B8C2D186D165D186D9A5D9C6C0C3C9443A
:10EBD000EA28C944EA27D9E6C944C944D9C6D9C6EE
:10EBE000C944D185D164D9C6C123C965E1E6D186BE
:10EBF000280000200020002000200020002000200D
:10EC00000020002000200020002000200020002004
:10EC10000020002000200020002000000020002014
:10EC200000200021E4B1F288EA27D9C5E206D9C55F
:10EC3000E206D1A5E227C102C964C943D9C6D1649D
:10EC4000C944C923D9C580427021804378427001EC
:10EC5000806278217801780178217842D164EA28AD
:10EC6000E207E207D9A6C944D9E6EA48D1A5D18589
:10EC7000C923D9A5C964E227E247C965300000214C
:10EC80000021002000200020002000200020002083
:10EC90000020002000200020002000200020002074
:10ECA0000020002000200020002000200020002163
:10ECB000B36CD9C5C123D184E206E227D9C5D1649A
:10ECC000E206D9C5E1E6D9E6EA47E207C944C94404
:10ECD000E2077001680080837862700178427821D1
:10ECE00088A3700178427821D9A5D185C923D9C6D6
:10ECF000D9A5C923C923D185E207C964C123D18518
:10ED0000D1A5C984C984C965300000210021002033
:10ED100000210020002000200020002000200020F2
:10ED200000200020002000200020002100200020E2
:10ED30000020002000200020002000208228E20681
:10ED4000C123D9C5C943C943D1A5E1E6D184D9C5F9
:10ED5000EA27D164D184E1E6D185D185C143680138
:10ED6000682168217001782178217821782180A399
:10ED700068007001E227C924D9C6C964D9A5C9446D
:10ED8000D9E6D185C103E207E207C944D9C6D1A5B6
:10ED9000D1A5B8E330000021002000200020002091
:10EDA0000020002000200020002000200020002063
:10EDB000002100210020002000210021002000204F
:10EDC000002000200021002169A5D9C5F268D9A53D
:10EDD000D9E6C964D1A5E227EA68D1A5D9A5C102BF
:10EDE000D185EA48C924D185C943888378427021F6
:10EDF000784278627842806280627000700170228E
:10EE0000D144D9A5C924EA48C944D164E1E7D9A5C8
:10EE1000C944E207C944C103C923D9E6E227C96549
:10EE200028000020002000200020002000200020DA
:10EE300000200020002000200020002000210021D0
:10EE400000210021002100210021002000210021BB
:10EE50000021002148E2EA47D185C943D9C5D185BF
:10EE6000D9E6C123C963D9E6C964D9A5EA27C10394
:10EE7000D1A5D9C6C96478217021808270217822F9
:10EE8000700168017001784280427000D9C6D18556
:10EE9000C944C903E1E7E207D9A5C964E207C12370
:10EEA000D185C964D185C964E207B9032000002077
:10EEB0000020002000200020002000200020002052
:10EEC0000020002000200020002000200020002042
:10EED000002000210020002000200021002100212E
:10EEE00040A1F2A8C943D164EA27D1A5300020008F
:10EEF000180010000820A206EA47EA48D185D9C6C2
:10EF0000C165100008000820000008001041000042
:10EF10000841000000000840E268C944C944C9240F
:10EF2000E1E6500018001800102010401020CA26FA
:10EF3000D9E6E207B8E2C9652820002000200020B9
:10EF400000200020002000200020002000200020C1
:10EF500000200020002000200020002000200020B1
:10EF60000020002100210021002100213020EA277B
:10EF7000C924E227EA48C1E6102108410021002106
:10EF80000041B3ADDA05C923D9A5D185D1C60000AA
:10EF9000002000200021002100210021002100206C
:10EFA00000200000DAA8E1E6D1A5C102E1E72800CF
:10EFB00000410041004000400820F40DE247D9A57F
:10EFC000C944E2483000002000200000002000205A
:10EFD0000020002000200020002000200020002031
:10EFE000002100200021002000200020002000211E
:10EFF00000210021002108413020F2A8D185E1E65E
:10F00000F268D24800000020002000200000B3ADCC
:10F01000C923C964D1A5D9C5E289082000210020EF
:10F0200000210021002000210021002100210800F2
:10F03000E2C9D9A5D9A6E1C6E20728000000002050
:10F04000002000210820EBEDC964D185C944E20706
:10F0500030000020002000200020002000200020A0
:10F06000002000200020002000200020002100219E
:10F07000002100210021002000200021002000218B
:10F08000002100213040D9E5E227D1A5C944D28929
:10F0900008000020002000200020C40FE1C5D9E6B0
:10F0A000D1C5EA68C9C6082100200021002000203F
:10F0B000002000200020002100210820D2C9E1E624
:10F0C000C903C944D18528000000000000000000E9
:10F0D0000800E38CE1E7C923E207D185380000206E
:10F0E0000000002000000000000000000000000000
:10F0F000000000000000000000200021002100218D
:10F1000000210021002100210021002100210021F7
:10F110003861D184D144EA07EA27D2680800002088
:10F12000002000200020CC50D144D164E1E7D1A5DB
:10F13000B944000000200020002000200020002012
:10F140000020002000200000CA47D185D185D1854C
:10F15000E1C6280000000000000000000800E2C92D
:10F16000D185C0E3D1A5B8E2402100000000000035
:10F17000000000000000000000000000000000008F
:10F1800000000000002100210021002100210020BA
:10F190000020002100200020002000203840D9A6B7
:10F1A000D9A6D986D165E2C91000004100210041ED
:10F1B0000041D430C985D1A6B924A881C9E700008F
:10F1C000000000000000000000000000000000003F
:10F1D00000000800E30BC965D986E208E228300088
:10F1E00000000000000000001000DA89C945B925C0
:10F1F000D1A6C1653800000000000000000000003A
:10F2000000000000000000000000000000000000FE
:10F2100000210041002100210021002100210021C6
:10F220000020002000200020280080427801780182
:10F230008041910418000041002100200020E49248
:10F24000886278217842782270220800000000004D
:10F2500000000000000000000000000000000800A6
:10F26000884288838062784280224041000000000A
:10F27000000000001800784188A3704178426800BF
:10F280004905000000000000000000000000000030
:10F29000000000000000000000000000002100212C
:10F2A0000021002100210021002100200021002058
:10F2B0000020002038828042804278218001912500
:10F2C00010000020000000200020ECF478008041B5
:10F2D0007801806368000800000000000000000062
:10F2E00000000000000000000000100088417000D5
:10F2F000802278428883382000000000000000004F
:10F30000180078627862784280A3686248C300007F
:10F3100000000000000000000000000000000000ED
:10F320000000000000000000002100210021002159
:10F3300000200021002000410021002000200020AA
:10F340003882800178017821702170420820000005
:10F35000000000000000D45178017842782170004C
:10F36000600000000000000000000000000000003D
:10F370000000000000001800A104804278217041C4
:10F38000700138620000000000000000100088C317
:10F39000784270416801704261A7000000000000DF
:10F3A000000000000000000000000000000000005D
:10F3B00000000000000000200020002000210021AB
:10F3C00000200021002100200020004040828842CF
:10F3D00080428022700170C3000000000000000025
:10F3E00000009B0C782180227822700088E40000C5
:10F3F000000000000000000000000000000000000D
:10F400000000080080018042780170017821280006
:10F4100000000000000000000000702178637842C6
:10F4200068016800282100000000000000000000C2
:10F4300000000000000000000000000000000000CC
:10F4400000200020002000200020002000200020BC
:10F450000020000000200841200080228863700105
:10F460008042602200200000000000000000408375
:10F4700088A478217001888468830000000000005F
:10F48000000000000000000000000000000000205C
:10F4900090E4782180217821784208000000000063
:10F4A00000000000002070417822806378017862BB
:10F4B0001800000000000000000000000000000034
:10F4C000000000200020002000200020002000215B
:10F4D000002100200020002000200020002000202B
:10F4E0000841082118612062206228822082188247
:10F4F0000820084008400820082118611861206190
:10F50000184120611882086108200841002000206D
:10F5100000200000002008410841104120612061C6
:10F520002061206220611061084100200020084114
:10F530001041206220612061206220611041084159
:10F5400000200020002000200020000000200020DB
:10F55000002000200020002090F70008000000009C
:10F560000000000000000000000000000004000097
:10F5700028000000000000000000000080F70008E4
:10F58000000000000000000000000000000000007B
:10F59000000800001800000000000000000000004B
:10F5A00024F7000800000000000000000000000038
:10F5B000000000000004000018000000000000002F
:10F5C0000000000070F700080000000000000000CC
:10F5D000000000000000000000080000080000001B
:10F5E000000000000000000034F7000800000000E8
:10F5F0000000000000000000000000000004000007
:10F6000018000000000000000000000044F700089F
:10F6100000000000000000000000000000000000EA
:10F6200000040000180000000000000000000000BE
:10F630005CF700080000000000000000000000006F
:10F64000000000000000000018F7000800000000A3
:10F65000000000000000000054F700080000000057
:10F660000000000000000000D0A1B5AFCDDECAFD53
:10F67000C1BFA3BA00B4F3B5AFCDDECAFDC1BFA30D
:10F68000BA0000000001020304050607080C10146C
:10F6900018203040000000000000000000000000C2
:10F6A0000000000000000000010000000200000057
:10F6B000030000000400000000000000050000003E
:10F6C0000000000000000000000000000600000034
:10F6D0000000000000000000000000000700000023
:10F6E000010002000400060008000A000C001000DF
:10F6F000200040008000000101010103070100001B
:10F7000008040204080101010000000001020304D2
:10F7100001020304060708096B65795F363232304F
:10F72000000000005A44545F436F6E74726F6C5F48
:10F73000310000005A44545F436F6E74726F6C5F07
:10F74000320000006D795461736B30365F333530B1
:10F75000380000006B65795F5A4454006D6F746F18
:10F76000725F63616E5F72785F71756575650000C9
:10F77000466C6173685F536176655F5461736B00BB
:10F780004D6F746F7253656E645461736B0000004B
:10F790004D6F746F7252656365697665546173006D
:10F7A000C0F7000800000024A0010000DC040008ED
:10F7B00000F80008A0010024705100003E7A000803
:10F7C000012063B4F27A4003100AFC3F400201FEBC
:10F7D0000701406903140301C01301787B014C1237
:10F7E00069030009864C300170C00120803201821B
:10F7F000103C90D00304012F0247371AAA010124BC
:04000005080002CD20
:00000001FF
